id,legId,voyageId,startTerminal,endTerminal,kgCO2e,departure,arrival,cutOff,pickUp,previousLegId,containerType,freightType,costs
120101,1201,1200,NLRTM-STN,DEHAM-ST,9,2024-01-08T10:00:00,2024-01-09T10:00:00,2024-01-07T10:00:00,2024-01-10T10:00:00,1105,22G1,GENERAL,50
120102,1201,1200,NLRTM-STN,DEHAM-ST,9,2024-01-08T10:00:00,2024-01-09T10:00:00,2024-01-07T10:00:00,2024-01-10T10:00:00,1105,22G1,DANGEROUS,50
120103,1201,1200,NLRTM-STN,DEHAM-ST,9,2024-01-08T10:00:00,2024-01-09T10:00:00,2024-01-07T10:00:00,2024-01-10T10:00:00,1105,42R1,GENERAL,50
120104,1201,1200,NLRTM-STN,DEHAM-ST,9,2024-01-08T10:00:00,2024-01-09T10:00:00,2024-01-07T10:00:00,2024-01-10T10:00:00,1105,42R1,DANGEROUS,50
120105,1201,1200,NLRTM-STN,DEHAM-ST,9,2024-01-08T10:00:00,2024-01-09T10:00:00,2024-01-07T10:00:00,2024-01-10T10:00:00,1105,42P1,OUT_OF_GAUGE,50
120201,1202,1200,DEHAM-ST,CAMTR-ST,119,2024-01-10T10:00:00,2024-01-20T10:00:00,2024-01-09T10:00:00,2024-01-21T10:00:00,1201,22G1,GENERAL,250
120202,1202,1200,DEHAM-ST,CAMTR-ST,119,2024-01-10T10:00:00,2024-01-20T10:00:00,2024-01-09T10:00:00,2024-01-21T10:00:00,1201,22G1,DANGEROUS,250
120203,1202,1200,DEHAM-ST,CAMTR-ST,119,2024-01-10T10:00:00,2024-01-20T10:00:00,2024-01-09T10:00:00,2024-01-21T10:00:00,1201,42R1,GENERAL,250
120204,1202,1200,DEHAM-ST,CAMTR-ST,119,2024-01-10T10:00:00,2024-01-20T10:00:00,2024-01-09T10:00:00,2024-01-21T10:00:00,1201,42R1,DANGEROUS,250
120205,1202,1200,DEHAM-ST,CAMTR-ST,119,2024-01-10T10:00:00,2024-01-20T10:00:00,2024-01-09T10:00:00,2024-01-21T10:00:00,1201,42P1,OUT_OF_GAUGE,250
120301,1203,1200,CAMTR-ST,USNYC-ST,34,2024-01-21T10:00:00,2024-01-23T10:00:00,2024-01-20T10:00:00,2024-01-24T10:00:00,1202,22G1,GENERAL,150
120302,1203,1200,CAMTR-ST,USNYC-ST,34,2024-01-21T10:00:00,2024-01-23T10:00:00,2024-01-20T10:00:00,2024-01-24T10:00:00,1202,22G1,DANGEROUS,150
120303,1203,1200,CAMTR-ST,USNYC-ST,34,2024-01-21T10:00:00,2024-01-23T10:00:00,2024-01-20T10:00:00,2024-01-24T10:00:00,1202,42R1,GENERAL,150
120304,1203,1200,CAMTR-ST,USNYC-ST,34,2024-01-21T10:00:00,2024-01-23T10:00:00,2024-01-20T10:00:00,2024-01-24T10:00:00,1202,42R1,DANGEROUS,150
120305,1203,1200,CAMTR-ST,USNYC-ST,34,2024-01-21T10:00:00,2024-01-23T10:00:00,2024-01-20T10:00:00,2024-01-24T10:00:00,1202,42P1,OUT_OF_GAUGE,150
120401,1204,1200,USNYC-ST,USORF-ST,9,2024-01-24T10:00:00,2024-01-25T10:00:00,2024-01-23T10:00:00,2024-01-26T10:00:00,1203,22G1,GENERAL,50
120402,1204,1200,USNYC-ST,USORF-ST,9,2024-01-24T10:00:00,2024-01-25T10:00:00,2024-01-23T10:00:00,2024-01-26T10:00:00,1203,22G1,DANGEROUS,50
120403,1204,1200,USNYC-ST,USORF-ST,9,2024-01-24T10:00:00,2024-01-25T10:00:00,2024-01-23T10:00:00,2024-01-26T10:00:00,1203,42R1,GENERAL,50
120404,1204,1200,USNYC-ST,USORF-ST,9,2024-01-24T10:00:00,2024-01-25T10:00:00,2024-01-23T10:00:00,2024-01-26T10:00:00,1203,42R1,DANGEROUS,50
120405,1204,1200,USNYC-ST,USORF-ST,9,2024-01-24T10:00:00,2024-01-25T10:00:00,2024-01-23T10:00:00,2024-01-26T10:00:00,1203,42P1,OUT_OF_GAUGE,50
120501,1205,1200,USORF-ST,NLRTM-STN,119,2024-01-26T10:00:00,2024-02-04T10:00:00,2024-01-25T10:00:00,2024-02-05T10:00:00,1204,22G1,GENERAL,250
120502,1205,1200,USORF-ST,NLRTM-STN,119,2024-01-26T10:00:00,2024-02-04T10:00:00,2024-01-25T10:00:00,2024-02-05T10:00:00,1204,22G1,DANGEROUS,250
120503,1205,1200,USORF-ST,NLRTM-STN,119,2024-01-26T10:00:00,2024-02-04T10:00:00,2024-01-25T10:00:00,2024-02-05T10:00:00,1204,42R1,GENERAL,250
120504,1205,1200,USORF-ST,NLRTM-STN,119,2024-01-26T10:00:00,2024-02-04T10:00:00,2024-01-25T10:00:00,2024-02-05T10:00:00,1204,42R1,DANGEROUS,250
120505,1205,1200,USORF-ST,NLRTM-STN,119,2024-01-26T10:00:00,2024-02-04T10:00:00,2024-01-25T10:00:00,2024-02-05T10:00:00,1204,42P1,OUT_OF_GAUGE,250
130101,1301,1300,NLRTM-STN,DEHAM-ST,9,2024-02-05T10:00:00,2024-02-06T10:00:00,2024-02-04T10:00:00,2024-02-07T10:00:00,1205,22G1,GENERAL,50
130102,1301,1300,NLRTM-STN,DEHAM-ST,9,2024-02-05T10:00:00,2024-02-06T10:00:00,2024-02-04T10:00:00,2024-02-07T10:00:00,1205,22G1,DANGEROUS,50
130103,1301,1300,NLRTM-STN,DEHAM-ST,9,2024-02-05T10:00:00,2024-02-06T10:00:00,2024-02-04T10:00:00,2024-02-07T10:00:00,1205,42R1,GENERAL,50
130104,1301,1300,NLRTM-STN,DEHAM-ST,9,2024-02-05T10:00:00,2024-02-06T10:00:00,2024-02-04T10:00:00,2024-02-07T10:00:00,1205,42R1,DANGEROUS,50
130105,1301,1300,NLRTM-STN,DEHAM-ST,9,2024-02-05T10:00:00,2024-02-06T10:00:00,2024-02-04T10:00:00,2024-02-07T10:00:00,1205,42P1,OUT_OF_GAUGE,50
130201,1302,1300,DEHAM-ST,CAMTR-ST,119,2024-02-07T10:00:00,2024-02-17T10:00:00,2024-02-06T10:00:00,2024-02-18T10:00:00,1301,22G1,GENERAL,250
130202,1302,1300,DEHAM-ST,CAMTR-ST,119,2024-02-07T10:00:00,2024-02-17T10:00:00,2024-02-06T10:00:00,2024-02-18T10:00:00,1301,22G1,DANGEROUS,250
130203,1302,1300,DEHAM-ST,CAMTR-ST,119,2024-02-07T10:00:00,2024-02-17T10:00:00,2024-02-06T10:00:00,2024-02-18T10:00:00,1301,42R1,GENERAL,250
130204,1302,1300,DEHAM-ST,CAMTR-ST,119,2024-02-07T10:00:00,2024-02-17T10:00:00,2024-02-06T10:00:00,2024-02-18T10:00:00,1301,42R1,DANGEROUS,250
130205,1302,1300,DEHAM-ST,CAMTR-ST,119,2024-02-07T10:00:00,2024-02-17T10:00:00,2024-02-06T10:00:00,2024-02-18T10:00:00,1301,42P1,OUT_OF_GAUGE,250
130301,1303,1300,CAMTR-ST,USNYC-ST,34,2024-02-18T10:00:00,2024-02-20T10:00:00,2024-02-17T10:00:00,2024-02-21T10:00:00,1302,22G1,GENERAL,150
130302,1303,1300,CAMTR-ST,USNYC-ST,34,2024-02-18T10:00:00,2024-02-20T10:00:00,2024-02-17T10:00:00,2024-02-21T10:00:00,1302,22G1,DANGEROUS,150
130303,1303,1300,CAMTR-ST,USNYC-ST,34,2024-02-18T10:00:00,2024-02-20T10:00:00,2024-02-17T10:00:00,2024-02-21T10:00:00,1302,42R1,GENERAL,150
130304,1303,1300,CAMTR-ST,USNYC-ST,34,2024-02-18T10:00:00,2024-02-20T10:00:00,2024-02-17T10:00:00,2024-02-21T10:00:00,1302,42R1,DANGEROUS,150
130305,1303,1300,CAMTR-ST,USNYC-ST,34,2024-02-18T10:00:00,2024-02-20T10:00:00,2024-02-17T10:00:00,2024-02-21T10:00:00,1302,42P1,OUT_OF_GAUGE,150
130401,1304,1300,USNYC-ST,USORF-ST,9,2024-02-21T10:00:00,2024-02-22T10:00:00,2024-02-20T10:00:00,2024-02-23T10:00:00,1303,22G1,GENERAL,50
130402,1304,1300,USNYC-ST,USORF-ST,9,2024-02-21T10:00:00,2024-02-22T10:00:00,2024-02-20T10:00:00,2024-02-23T10:00:00,1303,22G1,DANGEROUS,50
130403,1304,1300,USNYC-ST,USORF-ST,9,2024-02-21T10:00:00,2024-02-22T10:00:00,2024-02-20T10:00:00,2024-02-23T10:00:00,1303,42R1,GENERAL,50
130404,1304,1300,USNYC-ST,USORF-ST,9,2024-02-21T10:00:00,2024-02-22T10:00:00,2024-02-20T10:00:00,2024-02-23T10:00:00,1303,42R1,DANGEROUS,50
130405,1304,1300,USNYC-ST,USORF-ST,9,2024-02-21T10:00:00,2024-02-22T10:00:00,2024-02-20T10:00:00,2024-02-23T10:00:00,1303,42P1,OUT_OF_GAUGE,50
130501,1305,1300,USORF-ST,NLRTM-STN,119,2024-02-23T10:00:00,2024-03-03T10:00:00,2024-02-22T10:00:00,2024-03-04T10:00:00,1304,22G1,GENERAL,250
130502,1305,1300,USORF-ST,NLRTM-STN,119,2024-02-23T10:00:00,2024-03-03T10:00:00,2024-02-22T10:00:00,2024-03-04T10:00:00,1304,22G1,DANGEROUS,250
130503,1305,1300,USORF-ST,NLRTM-STN,119,2024-02-23T10:00:00,2024-03-03T10:00:00,2024-02-22T10:00:00,2024-03-04T10:00:00,1304,42R1,GENERAL,250
130504,1305,1300,USORF-ST,NLRTM-STN,119,2024-02-23T10:00:00,2024-03-03T10:00:00,2024-02-22T10:00:00,2024-03-04T10:00:00,1304,42R1,DANGEROUS,250
130505,1305,1300,USORF-ST,NLRTM-STN,119,2024-02-23T10:00:00,2024-03-03T10:00:00,2024-02-22T10:00:00,2024-03-04T10:00:00,1304,42P1,OUT_OF_GAUGE,250
140101,1401,1400,NLRTM-STN,DEHAM-ST,9,2024-03-04T10:00:00,2024-03-05T10:00:00,2024-03-03T10:00:00,2024-03-06T10:00:00,1305,22G1,GENERAL,50
140102,1401,1400,NLRTM-STN,DEHAM-ST,9,2024-03-04T10:00:00,2024-03-05T10:00:00,2024-03-03T10:00:00,2024-03-06T10:00:00,1305,22G1,DANGEROUS,50
140103,1401,1400,NLRTM-STN,DEHAM-ST,9,2024-03-04T10:00:00,2024-03-05T10:00:00,2024-03-03T10:00:00,2024-03-06T10:00:00,1305,42R1,GENERAL,50
140104,1401,1400,NLRTM-STN,DEHAM-ST,9,2024-03-04T10:00:00,2024-03-05T10:00:00,2024-03-03T10:00:00,2024-03-06T10:00:00,1305,42R1,DANGEROUS,50
140105,1401,1400,NLRTM-STN,DEHAM-ST,9,2024-03-04T10:00:00,2024-03-05T10:00:00,2024-03-03T10:00:00,2024-03-06T10:00:00,1305,42P1,OUT_OF_GAUGE,50
140201,1402,1400,DEHAM-ST,CAMTR-ST,119,2024-03-06T10:00:00,2024-03-16T10:00:00,2024-03-05T10:00:00,2024-03-17T10:00:00,1401,22G1,GENERAL,250
140202,1402,1400,DEHAM-ST,CAMTR-ST,119,2024-03-06T10:00:00,2024-03-16T10:00:00,2024-03-05T10:00:00,2024-03-17T10:00:00,1401,22G1,DANGEROUS,250
140203,1402,1400,DEHAM-ST,CAMTR-ST,119,2024-03-06T10:00:00,2024-03-16T10:00:00,2024-03-05T10:00:00,2024-03-17T10:00:00,1401,42R1,GENERAL,250
140204,1402,1400,DEHAM-ST,CAMTR-ST,119,2024-03-06T10:00:00,2024-03-16T10:00:00,2024-03-05T10:00:00,2024-03-17T10:00:00,1401,42R1,DANGEROUS,250
140205,1402,1400,DEHAM-ST,CAMTR-ST,119,2024-03-06T10:00:00,2024-03-16T10:00:00,2024-03-05T10:00:00,2024-03-17T10:00:00,1401,42P1,OUT_OF_GAUGE,250
140301,1403,1400,CAMTR-ST,USNYC-ST,34,2024-03-17T10:00:00,2024-03-19T10:00:00,2024-03-16T10:00:00,2024-03-20T10:00:00,1402,22G1,GENERAL,150
140302,1403,1400,CAMTR-ST,USNYC-ST,34,2024-03-17T10:00:00,2024-03-19T10:00:00,2024-03-16T10:00:00,2024-03-20T10:00:00,1402,22G1,DANGEROUS,150
140303,1403,1400,CAMTR-ST,USNYC-ST,34,2024-03-17T10:00:00,2024-03-19T10:00:00,2024-03-16T10:00:00,2024-03-20T10:00:00,1402,42R1,GENERAL,150
140304,1403,1400,CAMTR-ST,USNYC-ST,34,2024-03-17T10:00:00,2024-03-19T10:00:00,2024-03-16T10:00:00,2024-03-20T10:00:00,1402,42R1,DANGEROUS,150
140305,1403,1400,CAMTR-ST,USNYC-ST,34,2024-03-17T10:00:00,2024-03-19T10:00:00,2024-03-16T10:00:00,2024-03-20T10:00:00,1402,42P1,OUT_OF_GAUGE,150
140401,1404,1400,USNYC-ST,USORF-ST,9,2024-03-20T10:00:00,2024-03-21T10:00:00,2024-03-19T10:00:00,2024-03-22T10:00:00,1403,22G1,GENERAL,50
140402,1404,1400,USNYC-ST,USORF-ST,9,2024-03-20T10:00:00,2024-03-21T10:00:00,2024-03-19T10:00:00,2024-03-22T10:00:00,1403,22G1,DANGEROUS,50
140403,1404,1400,USNYC-ST,USORF-ST,9,2024-03-20T10:00:00,2024-03-21T10:00:00,2024-03-19T10:00:00,2024-03-22T10:00:00,1403,42R1,GENERAL,50
140404,1404,1400,USNYC-ST,USORF-ST,9,2024-03-20T10:00:00,2024-03-21T10:00:00,2024-03-19T10:00:00,2024-03-22T10:00:00,1403,42R1,DANGEROUS,50
140405,1404,1400,USNYC-ST,USORF-ST,9,2024-03-20T10:00:00,2024-03-21T10:00:00,2024-03-19T10:00:00,2024-03-22T10:00:00,1403,42P1,OUT_OF_GAUGE,50
140501,1405,1400,USORF-ST,NLRTM-STN,119,2024-03-22T10:00:00,2024-03-31T10:00:00,2024-03-21T10:00:00,2024-04-01T10:00:00,1404,22G1,GENERAL,250
140502,1405,1400,USORF-ST,NLRTM-STN,119,2024-03-22T10:00:00,2024-03-31T10:00:00,2024-03-21T10:00:00,2024-04-01T10:00:00,1404,22G1,DANGEROUS,250
140503,1405,1400,USORF-ST,NLRTM-STN,119,2024-03-22T10:00:00,2024-03-31T10:00:00,2024-03-21T10:00:00,2024-04-01T10:00:00,1404,42R1,GENERAL,250
140504,1405,1400,USORF-ST,NLRTM-STN,119,2024-03-22T10:00:00,2024-03-31T10:00:00,2024-03-21T10:00:00,2024-04-01T10:00:00,1404,42R1,DANGEROUS,250
140505,1405,1400,USORF-ST,NLRTM-STN,119,2024-03-22T10:00:00,2024-03-31T10:00:00,2024-03-21T10:00:00,2024-04-01T10:00:00,1404,42P1,OUT_OF_GAUGE,250
150101,1501,1500,NLRTM-STN,DEHAM-ST,9,2024-04-01T10:00:00,2024-04-02T10:00:00,2024-03-31T10:00:00,2024-04-03T10:00:00,1405,22G1,GENERAL,50
150102,1501,1500,NLRTM-STN,DEHAM-ST,9,2024-04-01T10:00:00,2024-04-02T10:00:00,2024-03-31T10:00:00,2024-04-03T10:00:00,1405,22G1,DANGEROUS,50
150103,1501,1500,NLRTM-STN,DEHAM-ST,9,2024-04-01T10:00:00,2024-04-02T10:00:00,2024-03-31T10:00:00,2024-04-03T10:00:00,1405,42R1,GENERAL,50
150104,1501,1500,NLRTM-STN,DEHAM-ST,9,2024-04-01T10:00:00,2024-04-02T10:00:00,2024-03-31T10:00:00,2024-04-03T10:00:00,1405,42R1,DANGEROUS,50
150105,1501,1500,NLRTM-STN,DEHAM-ST,9,2024-04-01T10:00:00,2024-04-02T10:00:00,2024-03-31T10:00:00,2024-04-03T10:00:00,1405,42P1,OUT_OF_GAUGE,50
210401,2104,2100,USNYC-ST,USORF-ST,9,2024-01-03T10:00:00,2024-01-04T10:00:00,2024-01-02T10:00:00,2024-01-05T10:00:00,2103,22G1,GENERAL,50
210402,2104,2100,USNYC-ST,USORF-ST,9,2024-01-03T10:00:00,2024-01-04T10:00:00,2024-01-02T10:00:00,2024-01-05T10:00:00,2103,22G1,DANGEROUS,50
210403,2104,2100,USNYC-ST,USORF-ST,9,2024-01-03T10:00:00,2024-01-04T10:00:00,2024-01-02T10:00:00,2024-01-05T10:00:00,2103,42R1,GENERAL,50
210404,2104,2100,USNYC-ST,USORF-ST,9,2024-01-03T10:00:00,2024-01-04T10:00:00,2024-01-02T10:00:00,2024-01-05T10:00:00,2103,42R1,DANGEROUS,50
210405,2104,2100,USNYC-ST,USORF-ST,9,2024-01-03T10:00:00,2024-01-04T10:00:00,2024-01-02T10:00:00,2024-01-05T10:00:00,2103,42P1,OUT_OF_GAUGE,50
210501,2105,2100,USORF-ST,NLRTM-STN,119,2024-01-05T10:00:00,2024-01-14T10:00:00,2024-01-04T10:00:00,2024-01-15T10:00:00,2104,22G1,GENERAL,250
210502,2105,2100,USORF-ST,NLRTM-STN,119,2024-01-05T10:00:00,2024-01-14T10:00:00,2024-01-04T10:00:00,2024-01-15T10:00:00,2104,22G1,DANGEROUS,250
210503,2105,2100,USORF-ST,NLRTM-STN,119,2024-01-05T10:00:00,2024-01-14T10:00:00,2024-01-04T10:00:00,2024-01-15T10:00:00,2104,42R1,GENERAL,250
210504,2105,2100,USORF-ST,NLRTM-STN,119,2024-01-05T10:00:00,2024-01-14T10:00:00,2024-01-04T10:00:00,2024-01-15T10:00:00,2104,42R1,DANGEROUS,250
210505,2105,2100,USORF-ST,NLRTM-STN,119,2024-01-05T10:00:00,2024-01-14T10:00:00,2024-01-04T10:00:00,2024-01-15T10:00:00,2104,42P1,OUT_OF_GAUGE,250
220101,2201,2200,NLRTM-STN,DEHAM-ST,9,2024-01-15T10:00:00,2024-01-16T10:00:00,2024-01-14T10:00:00,2024-01-17T10:00:00,2105,22G1,GENERAL,50
220102,2201,2200,NLRTM-STN,DEHAM-ST,9,2024-01-15T10:00:00,2024-01-16T10:00:00,2024-01-14T10:00:00,2024-01-17T10:00:00,2105,22G1,DANGEROUS,50
220103,2201,2200,NLRTM-STN,DEHAM-ST,9,2024-01-15T10:00:00,2024-01-16T10:00:00,2024-01-14T10:00:00,2024-01-17T10:00:00,2105,42R1,GENERAL,50
220104,2201,2200,NLRTM-STN,DEHAM-ST,9,2024-01-15T10:00:00,2024-01-16T10:00:00,2024-01-14T10:00:00,2024-01-17T10:00:00,2105,42R1,DANGEROUS,50
220105,2201,2200,NLRTM-STN,DEHAM-ST,9,2024-01-15T10:00:00,2024-01-16T10:00:00,2024-01-14T10:00:00,2024-01-17T10:00:00,2105,42P1,OUT_OF_GAUGE,50
220201,2202,2200,DEHAM-ST,CAMTR-ST,119,2024-01-17T10:00:00,2024-01-27T10:00:00,2024-01-16T10:00:00,2024-01-28T10:00:00,2201,22G1,GENERAL,250
220202,2202,2200,DEHAM-ST,CAMTR-ST,119,2024-01-17T10:00:00,2024-01-27T10:00:00,2024-01-16T10:00:00,2024-01-28T10:00:00,2201,22G1,DANGEROUS,250
220203,2202,2200,DEHAM-ST,CAMTR-ST,119,2024-01-17T10:00:00,2024-01-27T10:00:00,2024-01-16T10:00:00,2024-01-28T10:00:00,2201,42R1,GENERAL,250
220204,2202,2200,DEHAM-ST,CAMTR-ST,119,2024-01-17T10:00:00,2024-01-27T10:00:00,2024-01-16T10:00:00,2024-01-28T10:00:00,2201,42R1,DANGEROUS,250
220205,2202,2200,DEHAM-ST,CAMTR-ST,119,2024-01-17T10:00:00,2024-01-27T10:00:00,2024-01-16T10:00:00,2024-01-28T10:00:00,2201,42P1,OUT_OF_GAUGE,250
220301,2203,2200,CAMTR-ST,USNYC-ST,34,2024-01-28T10:00:00,2024-01-30T10:00:00,2024-01-27T10:00:00,2024-01-31T10:00:00,2202,22G1,GENERAL,150
220302,2203,2200,CAMTR-ST,USNYC-ST,34,2024-01-28T10:00:00,2024-01-30T10:00:00,2024-01-27T10:00:00,2024-01-31T10:00:00,2202,22G1,DANGEROUS,150
220303,2203,2200,CAMTR-ST,USNYC-ST,34,2024-01-28T10:00:00,2024-01-30T10:00:00,2024-01-27T10:00:00,2024-01-31T10:00:00,2202,42R1,GENERAL,150
220304,2203,2200,CAMTR-ST,USNYC-ST,34,2024-01-28T10:00:00,2024-01-30T10:00:00,2024-01-27T10:00:00,2024-01-31T10:00:00,2202,42R1,DANGEROUS,150
220305,2203,2200,CAMTR-ST,USNYC-ST,34,2024-01-28T10:00:00,2024-01-30T10:00:00,2024-01-27T10:00:00,2024-01-31T10:00:00,2202,42P1,OUT_OF_GAUGE,150
220401,2204,2200,USNYC-ST,USORF-ST,9,2024-01-31T10:00:00,2024-02-01T10:00:00,2024-01-30T10:00:00,2024-02-02T10:00:00,2203,22G1,GENERAL,50
220402,2204,2200,USNYC-ST,USORF-ST,9,2024-01-31T10:00:00,2024-02-01T10:00:00,2024-01-30T10:00:00,2024-02-02T10:00:00,2203,22G1,DANGEROUS,50
220403,2204,2200,USNYC-ST,USORF-ST,9,2024-01-31T10:00:00,2024-02-01T10:00:00,2024-01-30T10:00:00,2024-02-02T10:00:00,2203,42R1,GENERAL,50
220404,2204,2200,USNYC-ST,USORF-ST,9,2024-01-31T10:00:00,2024-02-01T10:00:00,2024-01-30T10:00:00,2024-02-02T10:00:00,2203,42R1,DANGEROUS,50
220405,2204,2200,USNYC-ST,USORF-ST,9,2024-01-31T10:00:00,2024-02-01T10:00:00,2024-01-30T10:00:00,2024-02-02T10:00:00,2203,42P1,OUT_OF_GAUGE,50
220501,2205,2200,USORF-ST,NLRTM-STN,119,2024-02-02T10:00:00,2024-02-11T10:00:00,2024-02-01T10:00:00,2024-02-12T10:00:00,2204,22G1,GENERAL,250
220502,2205,2200,USORF-ST,NLRTM-STN,119,2024-02-02T10:00:00,2024-02-11T10:00:00,2024-02-01T10:00:00,2024-02-12T10:00:00,2204,22G1,DANGEROUS,250
220503,2205,2200,USORF-ST,NLRTM-STN,119,2024-02-02T10:00:00,2024-02-11T10:00:00,2024-02-01T10:00:00,2024-02-12T10:00:00,2204,42R1,GENERAL,250
220504,2205,2200,USORF-ST,NLRTM-STN,119,2024-02-02T10:00:00,2024-02-11T10:00:00,2024-02-01T10:00:00,2024-02-12T10:00:00,2204,42R1,DANGEROUS,250
220505,2205,2200,USORF-ST,NLRTM-STN,119,2024-02-02T10:00:00,2024-02-11T10:00:00,2024-02-01T10:00:00,2024-02-12T10:00:00,2204,42P1,OUT_OF_GAUGE,250
230101,2301,2300,NLRTM-STN,DEHAM-ST,9,2024-02-12T10:00:00,2024-02-13T10:00:00,2024-02-11T10:00:00,2024-02-14T10:00:00,2205,22G1,GENERAL,50
230102,2301,2300,NLRTM-STN,DEHAM-ST,9,2024-02-12T10:00:00,2024-02-13T10:00:00,2024-02-11T10:00:00,2024-02-14T10:00:00,2205,22G1,DANGEROUS,50
230103,2301,2300,NLRTM-STN,DEHAM-ST,9,2024-02-12T10:00:00,2024-02-13T10:00:00,2024-02-11T10:00:00,2024-02-14T10:00:00,2205,42R1,GENERAL,50
230104,2301,2300,NLRTM-STN,DEHAM-ST,9,2024-02-12T10:00:00,2024-02-13T10:00:00,2024-02-11T10:00:00,2024-02-14T10:00:00,2205,42R1,DANGEROUS,50
230105,2301,2300,NLRTM-STN,DEHAM-ST,9,2024-02-12T10:00:00,2024-02-13T10:00:00,2024-02-11T10:00:00,2024-02-14T10:00:00,2205,42P1,OUT_OF_GAUGE,50
230201,2302,2300,DEHAM-ST,CAMTR-ST,119,2024-02-14T10:00:00,2024-02-24T10:00:00,2024-02-13T10:00:00,2024-02-25T10:00:00,2301,22G1,GENERAL,250
230202,2302,2300,DEHAM-ST,CAMTR-ST,119,2024-02-14T10:00:00,2024-02-24T10:00:00,2024-02-13T10:00:00,2024-02-25T10:00:00,2301,22G1,DANGEROUS,250
230203,2302,2300,DEHAM-ST,CAMTR-ST,119,2024-02-14T10:00:00,2024-02-24T10:00:00,2024-02-13T10:00:00,2024-02-25T10:00:00,2301,42R1,GENERAL,250
230204,2302,2300,DEHAM-ST,CAMTR-ST,119,2024-02-14T10:00:00,2024-02-24T10:00:00,2024-02-13T10:00:00,2024-02-25T10:00:00,2301,42R1,DANGEROUS,250
230205,2302,2300,DEHAM-ST,CAMTR-ST,119,2024-02-14T10:00:00,2024-02-24T10:00:00,2024-02-13T10:00:00,2024-02-25T10:00:00,2301,42P1,OUT_OF_GAUGE,250
230301,2303,2300,CAMTR-ST,USNYC-ST,34,2024-02-25T10:00:00,2024-02-27T10:00:00,2024-02-24T10:00:00,2024-02-28T10:00:00,2302,22G1,GENERAL,150
230302,2303,2300,CAMTR-ST,USNYC-ST,34,2024-02-25T10:00:00,2024-02-27T10:00:00,2024-02-24T10:00:00,2024-02-28T10:00:00,2302,22G1,DANGEROUS,150
230303,2303,2300,CAMTR-ST,USNYC-ST,34,2024-02-25T10:00:00,2024-02-27T10:00:00,2024-02-24T10:00:00,2024-02-28T10:00:00,2302,42R1,GENERAL,150
230304,2303,2300,CAMTR-ST,USNYC-ST,34,2024-02-25T10:00:00,2024-02-27T10:00:00,2024-02-24T10:00:00,2024-02-28T10:00:00,2302,42R1,DANGEROUS,150
230305,2303,2300,CAMTR-ST,USNYC-ST,34,2024-02-25T10:00:00,2024-02-27T10:00:00,2024-02-24T10:00:00,2024-02-28T10:00:00,2302,42P1,OUT_OF_GAUGE,150
230401,2304,2300,USNYC-ST,USORF-ST,9,2024-02-28T10:00:00,2024-02-29T10:00:00,2024-02-27T10:00:00,2024-03-01T10:00:00,2303,22G1,GENERAL,50
230402,2304,2300,USNYC-ST,USORF-ST,9,2024-02-28T10:00:00,2024-02-29T10:00:00,2024-02-27T10:00:00,2024-03-01T10:00:00,2303,22G1,DANGEROUS,50
230403,2304,2300,USNYC-ST,USORF-ST,9,2024-02-28T10:00:00,2024-02-29T10:00:00,2024-02-27T10:00:00,2024-03-01T10:00:00,2303,42R1,GENERAL,50
230404,2304,2300,USNYC-ST,USORF-ST,9,2024-02-28T10:00:00,2024-02-29T10:00:00,2024-02-27T10:00:00,2024-03-01T10:00:00,2303,42R1,DANGEROUS,50
230405,2304,2300,USNYC-ST,USORF-ST,9,2024-02-28T10:00:00,2024-02-29T10:00:00,2024-02-27T10:00:00,2024-03-01T10:00:00,2303,42P1,OUT_OF_GAUGE,50
230501,2305,2300,USORF-ST,NLRTM-STN,119,2024-03-01T10:00:00,2024-03-10T10:00:00,2024-02-29T10:00:00,2024-03-11T10:00:00,2304,22G1,GENERAL,250
230502,2305,2300,USORF-ST,NLRTM-STN,119,2024-03-01T10:00:00,2024-03-10T10:00:00,2024-02-29T10:00:00,2024-03-11T10:00:00,2304,22G1,DANGEROUS,250
230503,2305,2300,USORF-ST,NLRTM-STN,119,2024-03-01T10:00:00,2024-03-10T10:00:00,2024-02-29T10:00:00,2024-03-11T10:00:00,2304,42R1,GENERAL,250
230504,2305,2300,USORF-ST,NLRTM-STN,119,2024-03-01T10:00:00,2024-03-10T10:00:00,2024-02-29T10:00:00,2024-03-11T10:00:00,2304,42R1,DANGEROUS,250
230505,2305,2300,USORF-ST,NLRTM-STN,119,2024-03-01T10:00:00,2024-03-10T10:00:00,2024-02-29T10:00:00,2024-03-11T10:00:00,2304,42P1,OUT_OF_GAUGE,250
240101,2401,2400,NLRTM-STN,DEHAM-ST,9,2024-03-11T10:00:00,2024-03-12T10:00:00,2024-03-10T10:00:00,2024-03-13T10:00:00,2305,22G1,GENERAL,50
240102,2401,2400,NLRTM-STN,DEHAM-ST,9,2024-03-11T10:00:00,2024-03-12T10:00:00,2024-03-10T10:00:00,2024-03-13T10:00:00,2305,22G1,DANGEROUS,50
240103,2401,2400,NLRTM-STN,DEHAM-ST,9,2024-03-11T10:00:00,2024-03-12T10:00:00,2024-03-10T10:00:00,2024-03-13T10:00:00,2305,42R1,GENERAL,50
240104,2401,2400,NLRTM-STN,DEHAM-ST,9,2024-03-11T10:00:00,2024-03-12T10:00:00,2024-03-10T10:00:00,2024-03-13T10:00:00,2305,42R1,DANGEROUS,50
240105,2401,2400,NLRTM-STN,DEHAM-ST,9,2024-03-11T10:00:00,2024-03-12T10:00:00,2024-03-10T10:00:00,2024-03-13T10:00:00,2305,42P1,OUT_OF_GAUGE,50
240201,2402,2400,DEHAM-ST,CAMTR-ST,119,2024-03-13T10:00:00,2024-03-23T10:00:00,2024-03-12T10:00:00,2024-03-24T10:00:00,2401,22G1,GENERAL,250
240202,2402,2400,DEHAM-ST,CAMTR-ST,119,2024-03-13T10:00:00,2024-03-23T10:00:00,2024-03-12T10:00:00,2024-03-24T10:00:00,2401,22G1,DANGEROUS,250
240203,2402,2400,DEHAM-ST,CAMTR-ST,119,2024-03-13T10:00:00,2024-03-23T10:00:00,2024-03-12T10:00:00,2024-03-24T10:00:00,2401,42R1,GENERAL,250
240204,2402,2400,DEHAM-ST,CAMTR-ST,119,2024-03-13T10:00:00,2024-03-23T10:00:00,2024-03-12T10:00:00,2024-03-24T10:00:00,2401,42R1,DANGEROUS,250
240205,2402,2400,DEHAM-ST,CAMTR-ST,119,2024-03-13T10:00:00,2024-03-23T10:00:00,2024-03-12T10:00:00,2024-03-24T10:00:00,2401,42P1,OUT_OF_GAUGE,250
240301,2403,2400,CAMTR-ST,USNYC-ST,34,2024-03-24T10:00:00,2024-03-26T10:00:00,2024-03-23T10:00:00,2024-03-27T10:00:00,2402,22G1,GENERAL,150
240302,2403,2400,CAMTR-ST,USNYC-ST,34,2024-03-24T10:00:00,2024-03-26T10:00:00,2024-03-23T10:00:00,2024-03-27T10:00:00,2402,22G1,DANGEROUS,150
240303,2403,2400,CAMTR-ST,USNYC-ST,34,2024-03-24T10:00:00,2024-03-26T10:00:00,2024-03-23T10:00:00,2024-03-27T10:00:00,2402,42R1,GENERAL,150
240304,2403,2400,CAMTR-ST,USNYC-ST,34,2024-03-24T10:00:00,2024-03-26T10:00:00,2024-03-23T10:00:00,2024-03-27T10:00:00,2402,42R1,DANGEROUS,150
240305,2403,2400,CAMTR-ST,USNYC-ST,34,2024-03-24T10:00:00,2024-03-26T10:00:00,2024-03-23T10:00:00,2024-03-27T10:00:00,2402,42P1,OUT_OF_GAUGE,150
240401,2404,2400,USNYC-ST,USORF-ST,9,2024-03-27T10:00:00,2024-03-28T10:00:00,2024-03-26T10:00:00,2024-03-29T10:00:00,2403,22G1,GENERAL,50
240402,2404,2400,USNYC-ST,USORF-ST,9,2024-03-27T10:00:00,2024-03-28T10:00:00,2024-03-26T10:00:00,2024-03-29T10:00:00,2403,22G1,DANGEROUS,50
240403,2404,2400,USNYC-ST,USORF-ST,9,2024-03-27T10:00:00,2024-03-28T10:00:00,2024-03-26T10:00:00,2024-03-29T10:00:00,2403,42R1,GENERAL,50
240404,2404,2400,USNYC-ST,USORF-ST,9,2024-03-27T10:00:00,2024-03-28T10:00:00,2024-03-26T10:00:00,2024-03-29T10:00:00,2403,42R1,DANGEROUS,50
240405,2404,2400,USNYC-ST,USORF-ST,9,2024-03-27T10:00:00,2024-03-28T10:00:00,2024-03-26T10:00:00,2024-03-29T10:00:00,2403,42P1,OUT_OF_GAUGE,50
240501,2405,2400,USORF-ST,NLRTM-STN,119,2024-03-29T10:00:00,2024-04-07T10:00:00,2024-03-28T10:00:00,2024-04-08T10:00:00,2404,22G1,GENERAL,250
240502,2405,2400,USORF-ST,NLRTM-STN,119,2024-03-29T10:00:00,2024-04-07T10:00:00,2024-03-28T10:00:00,2024-04-08T10:00:00,2404,22G1,DANGEROUS,250
240503,2405,2400,USORF-ST,NLRTM-STN,119,2024-03-29T10:00:00,2024-04-07T10:00:00,2024-03-28T10:00:00,2024-04-08T10:00:00,2404,42R1,GENERAL,250
240504,2405,2400,USORF-ST,NLRTM-STN,119,2024-03-29T10:00:00,2024-04-07T10:00:00,2024-03-28T10:00:00,2024-04-08T10:00:00,2404,42R1,DANGEROUS,250
240505,2405,2400,USORF-ST,NLRTM-STN,119,2024-03-29T10:00:00,2024-04-07T10:00:00,2024-03-28T10:00:00,2024-04-08T10:00:00,2404,42P1,OUT_OF_GAUGE,250
310301,3103,3100,CAMTR-ST,USNYC-ST,34,2024-01-07T10:00:00,2024-01-09T10:00:00,2024-01-06T10:00:00,2024-01-10T10:00:00,3102,22G1,GENERAL,150
310302,3103,3100,CAMTR-ST,USNYC-ST,34,2024-01-07T10:00:00,2024-01-09T10:00:00,2024-01-06T10:00:00,2024-01-10T10:00:00,3102,22G1,DANGEROUS,150
310303,3103,3100,CAMTR-ST,USNYC-ST,34,2024-01-07T10:00:00,2024-01-09T10:00:00,2024-01-06T10:00:00,2024-01-10T10:00:00,3102,42R1,GENERAL,150
310304,3103,3100,CAMTR-ST,USNYC-ST,34,2024-01-07T10:00:00,2024-01-09T10:00:00,2024-01-06T10:00:00,2024-01-10T10:00:00,3102,42R1,DANGEROUS,150
310305,3103,3100,CAMTR-ST,USNYC-ST,34,2024-01-07T10:00:00,2024-01-09T10:00:00,2024-01-06T10:00:00,2024-01-10T10:00:00,3102,42P1,OUT_OF_GAUGE,150
310401,3104,3100,USNYC-ST,USORF-ST,9,2024-01-10T10:00:00,2024-01-11T10:00:00,2024-01-09T10:00:00,2024-01-12T10:00:00,3103,22G1,GENERAL,50
310402,3104,3100,USNYC-ST,USORF-ST,9,2024-01-10T10:00:00,2024-01-11T10:00:00,2024-01-09T10:00:00,2024-01-12T10:00:00,3103,22G1,DANGEROUS,50
310403,3104,3100,USNYC-ST,USORF-ST,9,2024-01-10T10:00:00,2024-01-11T10:00:00,2024-01-09T10:00:00,2024-01-12T10:00:00,3103,42R1,GENERAL,50
310404,3104,3100,USNYC-ST,USORF-ST,9,2024-01-10T10:00:00,2024-01-11T10:00:00,2024-01-09T10:00:00,2024-01-12T10:00:00,3103,42R1,DANGEROUS,50
310405,3104,3100,USNYC-ST,USORF-ST,9,2024-01-10T10:00:00,2024-01-11T10:00:00,2024-01-09T10:00:00,2024-01-12T10:00:00,3103,42P1,OUT_OF_GAUGE,50
310501,3105,3100,USORF-ST,NLRTM-STN,119,2024-01-12T10:00:00,2024-01-21T10:00:00,2024-01-11T10:00:00,2024-01-22T10:00:00,3104,22G1,GENERAL,250
310502,3105,3100,USORF-ST,NLRTM-STN,119,2024-01-12T10:00:00,2024-01-21T10:00:00,2024-01-11T10:00:00,2024-01-22T10:00:00,3104,22G1,DANGEROUS,250
310503,3105,3100,USORF-ST,NLRTM-STN,119,2024-01-12T10:00:00,2024-01-21T10:00:00,2024-01-11T10:00:00,2024-01-22T10:00:00,3104,42R1,GENERAL,250
310504,3105,3100,USORF-ST,NLRTM-STN,119,2024-01-12T10:00:00,2024-01-21T10:00:00,2024-01-11T10:00:00,2024-01-22T10:00:00,3104,42R1,DANGEROUS,250
310505,3105,3100,USORF-ST,NLRTM-STN,119,2024-01-12T10:00:00,2024-01-21T10:00:00,2024-01-11T10:00:00,2024-01-22T10:00:00,3104,42P1,OUT_OF_GAUGE,250
320101,3201,3200,NLRTM-STN,DEHAM-ST,9,2024-01-22T10:00:00,2024-01-23T10:00:00,2024-01-21T10:00:00,2024-01-24T10:00:00,3105,22G1,GENERAL,50
320102,3201,3200,NLRTM-STN,DEHAM-ST,9,2024-01-22T10:00:00,2024-01-23T10:00:00,2024-01-21T10:00:00,2024-01-24T10:00:00,3105,22G1,DANGEROUS,50
320103,3201,3200,NLRTM-STN,DEHAM-ST,9,2024-01-22T10:00:00,2024-01-23T10:00:00,2024-01-21T10:00:00,2024-01-24T10:00:00,3105,42R1,GENERAL,50
320104,3201,3200,NLRTM-STN,DEHAM-ST,9,2024-01-22T10:00:00,2024-01-23T10:00:00,2024-01-21T10:00:00,2024-01-24T10:00:00,3105,42R1,DANGEROUS,50
320105,3201,3200,NLRTM-STN,DEHAM-ST,9,2024-01-22T10:00:00,2024-01-23T10:00:00,2024-01-21T10:00:00,2024-01-24T10:00:00,3105,42P1,OUT_OF_GAUGE,50
320201,3202,3200,DEHAM-ST,CAMTR-ST,119,2024-01-24T10:00:00,2024-02-03T10:00:00,2024-01-23T10:00:00,2024-02-04T10:00:00,3201,22G1,GENERAL,250
320202,3202,3200,DEHAM-ST,CAMTR-ST,119,2024-01-24T10:00:00,2024-02-03T10:00:00,2024-01-23T10:00:00,2024-02-04T10:00:00,3201,22G1,DANGEROUS,250
320203,3202,3200,DEHAM-ST,CAMTR-ST,119,2024-01-24T10:00:00,2024-02-03T10:00:00,2024-01-23T10:00:00,2024-02-04T10:00:00,3201,42R1,GENERAL,250
320204,3202,3200,DEHAM-ST,CAMTR-ST,119,2024-01-24T10:00:00,2024-02-03T10:00:00,2024-01-23T10:00:00,2024-02-04T10:00:00,3201,42R1,DANGEROUS,250
320205,3202,3200,DEHAM-ST,CAMTR-ST,119,2024-01-24T10:00:00,2024-02-03T10:00:00,2024-01-23T10:00:00,2024-02-04T10:00:00,3201,42P1,OUT_OF_GAUGE,250
320301,3203,3200,CAMTR-ST,USNYC-ST,34,2024-02-04T10:00:00,2024-02-06T10:00:00,2024-02-03T10:00:00,2024-02-07T10:00:00,3202,22G1,GENERAL,150
320302,3203,3200,CAMTR-ST,USNYC-ST,34,2024-02-04T10:00:00,2024-02-06T10:00:00,2024-02-03T10:00:00,2024-02-07T10:00:00,3202,22G1,DANGEROUS,150
320303,3203,3200,CAMTR-ST,USNYC-ST,34,2024-02-04T10:00:00,2024-02-06T10:00:00,2024-02-03T10:00:00,2024-02-07T10:00:00,3202,42R1,GENERAL,150
320304,3203,3200,CAMTR-ST,USNYC-ST,34,2024-02-04T10:00:00,2024-02-06T10:00:00,2024-02-03T10:00:00,2024-02-07T10:00:00,3202,42R1,DANGEROUS,150
320305,3203,3200,CAMTR-ST,USNYC-ST,34,2024-02-04T10:00:00,2024-02-06T10:00:00,2024-02-03T10:00:00,2024-02-07T10:00:00,3202,42P1,OUT_OF_GAUGE,150
320401,3204,3200,USNYC-ST,USORF-ST,9,2024-02-07T10:00:00,2024-02-08T10:00:00,2024-02-06T10:00:00,2024-02-09T10:00:00,3203,22G1,GENERAL,50
320402,3204,3200,USNYC-ST,USORF-ST,9,2024-02-07T10:00:00,2024-02-08T10:00:00,2024-02-06T10:00:00,2024-02-09T10:00:00,3203,22G1,DANGEROUS,50
320403,3204,3200,USNYC-ST,USORF-ST,9,2024-02-07T10:00:00,2024-02-08T10:00:00,2024-02-06T10:00:00,2024-02-09T10:00:00,3203,42R1,GENERAL,50
320404,3204,3200,USNYC-ST,USORF-ST,9,2024-02-07T10:00:00,2024-02-08T10:00:00,2024-02-06T10:00:00,2024-02-09T10:00:00,3203,42R1,DANGEROUS,50
320405,3204,3200,USNYC-ST,USORF-ST,9,2024-02-07T10:00:00,2024-02-08T10:00:00,2024-02-06T10:00:00,2024-02-09T10:00:00,3203,42P1,OUT_OF_GAUGE,50
320501,3205,3200,USORF-ST,NLRTM-STN,119,2024-02-09T10:00:00,2024-02-18T10:00:00,2024-02-08T10:00:00,2024-02-19T10:00:00,3204,22G1,GENERAL,250
320502,3205,3200,USORF-ST,NLRTM-STN,119,2024-02-09T10:00:00,2024-02-18T10:00:00,2024-02-08T10:00:00,2024-02-19T10:00:00,3204,22G1,DANGEROUS,250
320503,3205,3200,USORF-ST,NLRTM-STN,119,2024-02-09T10:00:00,2024-02-18T10:00:00,2024-02-08T10:00:00,2024-02-19T10:00:00,3204,42R1,GENERAL,250
320504,3205,3200,USORF-ST,NLRTM-STN,119,2024-02-09T10:00:00,2024-02-18T10:00:00,2024-02-08T10:00:00,2024-02-19T10:00:00,3204,42R1,DANGEROUS,250
320505,3205,3200,USORF-ST,NLRTM-STN,119,2024-02-09T10:00:00,2024-02-18T10:00:00,2024-02-08T10:00:00,2024-02-19T10:00:00,3204,42P1,OUT_OF_GAUGE,250
330101,3301,3300,NLRTM-STN,DEHAM-ST,9,2024-02-19T10:00:00,2024-02-20T10:00:00,2024-02-18T10:00:00,2024-02-21T10:00:00,3205,22G1,GENERAL,50
330102,3301,3300,NLRTM-STN,DEHAM-ST,9,2024-02-19T10:00:00,2024-02-20T10:00:00,2024-02-18T10:00:00,2024-02-21T10:00:00,3205,22G1,DANGEROUS,50
330103,3301,3300,NLRTM-STN,DEHAM-ST,9,2024-02-19T10:00:00,2024-02-20T10:00:00,2024-02-18T10:00:00,2024-02-21T10:00:00,3205,42R1,GENERAL,50
330104,3301,3300,NLRTM-STN,DEHAM-ST,9,2024-02-19T10:00:00,2024-02-20T10:00:00,2024-02-18T10:00:00,2024-02-21T10:00:00,3205,42R1,DANGEROUS,50
330105,3301,3300,NLRTM-STN,DEHAM-ST,9,2024-02-19T10:00:00,2024-02-20T10:00:00,2024-02-18T10:00:00,2024-02-21T10:00:00,3205,42P1,OUT_OF_GAUGE,50
330201,3302,3300,DEHAM-ST,CAMTR-ST,119,2024-02-21T10:00:00,2024-03-02T10:00:00,2024-02-20T10:00:00,2024-03-03T10:00:00,3301,22G1,GENERAL,250
330202,3302,3300,DEHAM-ST,CAMTR-ST,119,2024-02-21T10:00:00,2024-03-02T10:00:00,2024-02-20T10:00:00,2024-03-03T10:00:00,3301,22G1,DANGEROUS,250
330203,3302,3300,DEHAM-ST,CAMTR-ST,119,2024-02-21T10:00:00,2024-03-02T10:00:00,2024-02-20T10:00:00,2024-03-03T10:00:00,3301,42R1,GENERAL,250
330204,3302,3300,DEHAM-ST,CAMTR-ST,119,2024-02-21T10:00:00,2024-03-02T10:00:00,2024-02-20T10:00:00,2024-03-03T10:00:00,3301,42R1,DANGEROUS,250
330205,3302,3300,DEHAM-ST,CAMTR-ST,119,2024-02-21T10:00:00,2024-03-02T10:00:00,2024-02-20T10:00:00,2024-03-03T10:00:00,3301,42P1,OUT_OF_GAUGE,250
330301,3303,3300,CAMTR-ST,USNYC-ST,34,2024-03-03T10:00:00,2024-03-05T10:00:00,2024-03-02T10:00:00,2024-03-06T10:00:00,3302,22G1,GENERAL,150
330302,3303,3300,CAMTR-ST,USNYC-ST,34,2024-03-03T10:00:00,2024-03-05T10:00:00,2024-03-02T10:00:00,2024-03-06T10:00:00,3302,22G1,DANGEROUS,150
330303,3303,3300,CAMTR-ST,USNYC-ST,34,2024-03-03T10:00:00,2024-03-05T10:00:00,2024-03-02T10:00:00,2024-03-06T10:00:00,3302,42R1,GENERAL,150
330304,3303,3300,CAMTR-ST,USNYC-ST,34,2024-03-03T10:00:00,2024-03-05T10:00:00,2024-03-02T10:00:00,2024-03-06T10:00:00,3302,42R1,DANGEROUS,150
330305,3303,3300,CAMTR-ST,USNYC-ST,34,2024-03-03T10:00:00,2024-03-05T10:00:00,2024-03-02T10:00:00,2024-03-06T10:00:00,3302,42P1,OUT_OF_GAUGE,150
330401,3304,3300,USNYC-ST,USORF-ST,9,2024-03-06T10:00:00,2024-03-07T10:00:00,2024-03-05T10:00:00,2024-03-08T10:00:00,3303,22G1,GENERAL,50
330402,3304,3300,USNYC-ST,USORF-ST,9,2024-03-06T10:00:00,2024-03-07T10:00:00,2024-03-05T10:00:00,2024-03-08T10:00:00,3303,22G1,DANGEROUS,50
330403,3304,3300,USNYC-ST,USORF-ST,9,2024-03-06T10:00:00,2024-03-07T10:00:00,2024-03-05T10:00:00,2024-03-08T10:00:00,3303,42R1,GENERAL,50
330404,3304,3300,USNYC-ST,USORF-ST,9,2024-03-06T10:00:00,2024-03-07T10:00:00,2024-03-05T10:00:00,2024-03-08T10:00:00,3303,42R1,DANGEROUS,50
330405,3304,3300,USNYC-ST,USORF-ST,9,2024-03-06T10:00:00,2024-03-07T10:00:00,2024-03-05T10:00:00,2024-03-08T10:00:00,3303,42P1,OUT_OF_GAUGE,50
330501,3305,3300,USORF-ST,NLRTM-STN,119,2024-03-08T10:00:00,2024-03-17T10:00:00,2024-03-07T10:00:00,2024-03-18T10:00:00,3304,22G1,GENERAL,250
330502,3305,3300,USORF-ST,NLRTM-STN,119,2024-03-08T10:00:00,2024-03-17T10:00:00,2024-03-07T10:00:00,2024-03-18T10:00:00,3304,22G1,DANGEROUS,250
330503,3305,3300,USORF-ST,NLRTM-STN,119,2024-03-08T10:00:00,2024-03-17T10:00:00,2024-03-07T10:00:00,2024-03-18T10:00:00,3304,42R1,GENERAL,250
330504,3305,3300,USORF-ST,NLRTM-STN,119,2024-03-08T10:00:00,2024-03-17T10:00:00,2024-03-07T10:00:00,2024-03-18T10:00:00,3304,42R1,DANGEROUS,250
330505,3305,3300,USORF-ST,NLRTM-STN,119,2024-03-08T10:00:00,2024-03-17T10:00:00,2024-03-07T10:00:00,2024-03-18T10:00:00,3304,42P1,OUT_OF_GAUGE,250
340101,3401,3400,NLRTM-STN,DEHAM-ST,9,2024-03-18T10:00:00,2024-03-19T10:00:00,2024-03-17T10:00:00,2024-03-20T10:00:00,3305,22G1,GENERAL,50
340102,3401,3400,NLRTM-STN,DEHAM-ST,9,2024-03-18T10:00:00,2024-03-19T10:00:00,2024-03-17T10:00:00,2024-03-20T10:00:00,3305,22G1,DANGEROUS,50
340103,3401,3400,NLRTM-STN,DEHAM-ST,9,2024-03-18T10:00:00,2024-03-19T10:00:00,2024-03-17T10:00:00,2024-03-20T10:00:00,3305,42R1,GENERAL,50
340104,3401,3400,NLRTM-STN,DEHAM-ST,9,2024-03-18T10:00:00,2024-03-19T10:00:00,2024-03-17T10:00:00,2024-03-20T10:00:00,3305,42R1,DANGEROUS,50
340105,3401,3400,NLRTM-STN,DEHAM-ST,9,2024-03-18T10:00:00,2024-03-19T10:00:00,2024-03-17T10:00:00,2024-03-20T10:00:00,3305,42P1,OUT_OF_GAUGE,50
340201,3402,3400,DEHAM-ST,CAMTR-ST,119,2024-03-20T10:00:00,2024-03-30T10:00:00,2024-03-19T10:00:00,2024-03-31T10:00:00,3401,22G1,GENERAL,250
340202,3402,3400,DEHAM-ST,CAMTR-ST,119,2024-03-20T10:00:00,2024-03-30T10:00:00,2024-03-19T10:00:00,2024-03-31T10:00:00,3401,22G1,DANGEROUS,250
340203,3402,3400,DEHAM-ST,CAMTR-ST,119,2024-03-20T10:00:00,2024-03-30T10:00:00,2024-03-19T10:00:00,2024-03-31T10:00:00,3401,42R1,GENERAL,250
340204,3402,3400,DEHAM-ST,CAMTR-ST,119,2024-03-20T10:00:00,2024-03-30T10:00:00,2024-03-19T10:00:00,2024-03-31T10:00:00,3401,42R1,DANGEROUS,250
340205,3402,3400,DEHAM-ST,CAMTR-ST,119,2024-03-20T10:00:00,2024-03-30T10:00:00,2024-03-19T10:00:00,2024-03-31T10:00:00,3401,42P1,OUT_OF_GAUGE,250
340301,3403,3400,CAMTR-ST,USNYC-ST,34,2024-03-31T10:00:00,2024-04-02T10:00:00,2024-03-30T10:00:00,2024-04-03T10:00:00,3402,22G1,GENERAL,150
340302,3403,3400,CAMTR-ST,USNYC-ST,34,2024-03-31T10:00:00,2024-04-02T10:00:00,2024-03-30T10:00:00,2024-04-03T10:00:00,3402,22G1,DANGEROUS,150
340303,3403,3400,CAMTR-ST,USNYC-ST,34,2024-03-31T10:00:00,2024-04-02T10:00:00,2024-03-30T10:00:00,2024-04-03T10:00:00,3402,42R1,GENERAL,150
340304,3403,3400,CAMTR-ST,USNYC-ST,34,2024-03-31T10:00:00,2024-04-02T10:00:00,2024-03-30T10:00:00,2024-04-03T10:00:00,3402,42R1,DANGEROUS,150
340305,3403,3400,CAMTR-ST,USNYC-ST,34,2024-03-31T10:00:00,2024-04-02T10:00:00,2024-03-30T10:00:00,2024-04-03T10:00:00,3402,42P1,OUT_OF_GAUGE,150
340401,3404,3400,USNYC-ST,USORF-ST,9,2024-04-03T10:00:00,2024-04-04T10:00:00,2024-04-02T10:00:00,2024-04-05T10:00:00,3403,22G1,GENERAL,50
340402,3404,3400,USNYC-ST,USORF-ST,9,2024-04-03T10:00:00,2024-04-04T10:00:00,2024-04-02T10:00:00,2024-04-05T10:00:00,3403,22G1,DANGEROUS,50
340403,3404,3400,USNYC-ST,USORF-ST,9,2024-04-03T10:00:00,2024-04-04T10:00:00,2024-04-02T10:00:00,2024-04-05T10:00:00,3403,42R1,GENERAL,50
340404,3404,3400,USNYC-ST,USORF-ST,9,2024-04-03T10:00:00,2024-04-04T10:00:00,2024-04-02T10:00:00,2024-04-05T10:00:00,3403,42R1,DANGEROUS,50
340405,3404,3400,USNYC-ST,USORF-ST,9,2024-04-03T10:00:00,2024-04-04T10:00:00,2024-04-02T10:00:00,2024-04-05T10:00:00,3403,42P1,OUT_OF_GAUGE,50
410201,4102,4100,DEHAM-ST,CAMTR-ST,119,2024-01-03T10:00:00,2024-01-13T10:00:00,2024-01-02T10:00:00,2024-01-14T10:00:00,4101,22G1,GENERAL,250
410202,4102,4100,DEHAM-ST,CAMTR-ST,119,2024-01-03T10:00:00,2024-01-13T10:00:00,2024-01-02T10:00:00,2024-01-14T10:00:00,4101,22G1,DANGEROUS,250
410203,4102,4100,DEHAM-ST,CAMTR-ST,119,2024-01-03T10:00:00,2024-01-13T10:00:00,2024-01-02T10:00:00,2024-01-14T10:00:00,4101,42R1,GENERAL,250
410204,4102,4100,DEHAM-ST,CAMTR-ST,119,2024-01-03T10:00:00,2024-01-13T10:00:00,2024-01-02T10:00:00,2024-01-14T10:00:00,4101,42R1,DANGEROUS,250
410205,4102,4100,DEHAM-ST,CAMTR-ST,119,2024-01-03T10:00:00,2024-01-13T10:00:00,2024-01-02T10:00:00,2024-01-14T10:00:00,4101,42P1,OUT_OF_GAUGE,250
410301,4103,4100,CAMTR-ST,USNYC-ST,34,2024-01-14T10:00:00,2024-01-16T10:00:00,2024-01-13T10:00:00,2024-01-17T10:00:00,4102,22G1,GENERAL,150
410302,4103,4100,CAMTR-ST,USNYC-ST,34,2024-01-14T10:00:00,2024-01-16T10:00:00,2024-01-13T10:00:00,2024-01-17T10:00:00,4102,22G1,DANGEROUS,150
410303,4103,4100,CAMTR-ST,USNYC-ST,34,2024-01-14T10:00:00,2024-01-16T10:00:00,2024-01-13T10:00:00,2024-01-17T10:00:00,4102,42R1,GENERAL,150
410304,4103,4100,CAMTR-ST,USNYC-ST,34,2024-01-14T10:00:00,2024-01-16T10:00:00,2024-01-13T10:00:00,2024-01-17T10:00:00,4102,42R1,DANGEROUS,150
410305,4103,4100,CAMTR-ST,USNYC-ST,34,2024-01-14T10:00:00,2024-01-16T10:00:00,2024-01-13T10:00:00,2024-01-17T10:00:00,4102,42P1,OUT_OF_GAUGE,150
410401,4104,4100,USNYC-ST,USORF-ST,9,2024-01-17T10:00:00,2024-01-18T10:00:00,2024-01-16T10:00:00,2024-01-19T10:00:00,4103,22G1,GENERAL,50
410402,4104,4100,USNYC-ST,USORF-ST,9,2024-01-17T10:00:00,2024-01-18T10:00:00,2024-01-16T10:00:00,2024-01-19T10:00:00,4103,22G1,DANGEROUS,50
410403,4104,4100,USNYC-ST,USORF-ST,9,2024-01-17T10:00:00,2024-01-18T10:00:00,2024-01-16T10:00:00,2024-01-19T10:00:00,4103,42R1,GENERAL,50
410404,4104,4100,USNYC-ST,USORF-ST,9,2024-01-17T10:00:00,2024-01-18T10:00:00,2024-01-16T10:00:00,2024-01-19T10:00:00,4103,42R1,DANGEROUS,50
410405,4104,4100,USNYC-ST,USORF-ST,9,2024-01-17T10:00:00,2024-01-18T10:00:00,2024-01-16T10:00:00,2024-01-19T10:00:00,4103,42P1,OUT_OF_GAUGE,50
410501,4105,4100,USORF-ST,NLRTM-STN,119,2024-01-19T10:00:00,2024-01-28T10:00:00,2024-01-18T10:00:00,2024-01-29T10:00:00,4104,22G1,GENERAL,250
410502,4105,4100,USORF-ST,NLRTM-STN,119,2024-01-19T10:00:00,2024-01-28T10:00:00,2024-01-18T10:00:00,2024-01-29T10:00:00,4104,22G1,DANGEROUS,250
410503,4105,4100,USORF-ST,NLRTM-STN,119,2024-01-19T10:00:00,2024-01-28T10:00:00,2024-01-18T10:00:00,2024-01-29T10:00:00,4104,42R1,GENERAL,250
410504,4105,4100,USORF-ST,NLRTM-STN,119,2024-01-19T10:00:00,2024-01-28T10:00:00,2024-01-18T10:00:00,2024-01-29T10:00:00,4104,42R1,DANGEROUS,250
410505,4105,4100,USORF-ST,NLRTM-STN,119,2024-01-19T10:00:00,2024-01-28T10:00:00,2024-01-18T10:00:00,2024-01-29T10:00:00,4104,42P1,OUT_OF_GAUGE,250
420101,4201,4200,NLRTM-STN,DEHAM-ST,9,2024-01-29T10:00:00,2024-01-30T10:00:00,2024-01-28T10:00:00,2024-01-31T10:00:00,4105,22G1,GENERAL,50
420102,4201,4200,NLRTM-STN,DEHAM-ST,9,2024-01-29T10:00:00,2024-01-30T10:00:00,2024-01-28T10:00:00,2024-01-31T10:00:00,4105,22G1,DANGEROUS,50
420103,4201,4200,NLRTM-STN,DEHAM-ST,9,2024-01-29T10:00:00,2024-01-30T10:00:00,2024-01-28T10:00:00,2024-01-31T10:00:00,4105,42R1,GENERAL,50
420104,4201,4200,NLRTM-STN,DEHAM-ST,9,2024-01-29T10:00:00,2024-01-30T10:00:00,2024-01-28T10:00:00,2024-01-31T10:00:00,4105,42R1,DANGEROUS,50
420105,4201,4200,NLRTM-STN,DEHAM-ST,9,2024-01-29T10:00:00,2024-01-30T10:00:00,2024-01-28T10:00:00,2024-01-31T10:00:00,4105,42P1,OUT_OF_GAUGE,50
420201,4202,4200,DEHAM-ST,CAMTR-ST,119,2024-01-31T10:00:00,2024-02-10T10:00:00,2024-01-30T10:00:00,2024-02-11T10:00:00,4201,22G1,GENERAL,250
420202,4202,4200,DEHAM-ST,CAMTR-ST,119,2024-01-31T10:00:00,2024-02-10T10:00:00,2024-01-30T10:00:00,2024-02-11T10:00:00,4201,22G1,DANGEROUS,250
420203,4202,4200,DEHAM-ST,CAMTR-ST,119,2024-01-31T10:00:00,2024-02-10T10:00:00,2024-01-30T10:00:00,2024-02-11T10:00:00,4201,42R1,GENERAL,250
420204,4202,4200,DEHAM-ST,CAMTR-ST,119,2024-01-31T10:00:00,2024-02-10T10:00:00,2024-01-30T10:00:00,2024-02-11T10:00:00,4201,42R1,DANGEROUS,250
420205,4202,4200,DEHAM-ST,CAMTR-ST,119,2024-01-31T10:00:00,2024-02-10T10:00:00,2024-01-30T10:00:00,2024-02-11T10:00:00,4201,42P1,OUT_OF_GAUGE,250
420301,4203,4200,CAMTR-ST,USNYC-ST,34,2024-02-11T10:00:00,2024-02-13T10:00:00,2024-02-10T10:00:00,2024-02-14T10:00:00,4202,22G1,GENERAL,150
420302,4203,4200,CAMTR-ST,USNYC-ST,34,2024-02-11T10:00:00,2024-02-13T10:00:00,2024-02-10T10:00:00,2024-02-14T10:00:00,4202,22G1,DANGEROUS,150
420303,4203,4200,CAMTR-ST,USNYC-ST,34,2024-02-11T10:00:00,2024-02-13T10:00:00,2024-02-10T10:00:00,2024-02-14T10:00:00,4202,42R1,GENERAL,150
420304,4203,4200,CAMTR-ST,USNYC-ST,34,2024-02-11T10:00:00,2024-02-13T10:00:00,2024-02-10T10:00:00,2024-02-14T10:00:00,4202,42R1,DANGEROUS,150
420305,4203,4200,CAMTR-ST,USNYC-ST,34,2024-02-11T10:00:00,2024-02-13T10:00:00,2024-02-10T10:00:00,2024-02-14T10:00:00,4202,42P1,OUT_OF_GAUGE,150
420401,4204,4200,USNYC-ST,USORF-ST,9,2024-02-14T10:00:00,2024-02-15T10:00:00,2024-02-13T10:00:00,2024-02-16T10:00:00,4203,22G1,GENERAL,50
420402,4204,4200,USNYC-ST,USORF-ST,9,2024-02-14T10:00:00,2024-02-15T10:00:00,2024-02-13T10:00:00,2024-02-16T10:00:00,4203,22G1,DANGEROUS,50
420403,4204,4200,USNYC-ST,USORF-ST,9,2024-02-14T10:00:00,2024-02-15T10:00:00,2024-02-13T10:00:00,2024-02-16T10:00:00,4203,42R1,GENERAL,50
420404,4204,4200,USNYC-ST,USORF-ST,9,2024-02-14T10:00:00,2024-02-15T10:00:00,2024-02-13T10:00:00,2024-02-16T10:00:00,4203,42R1,DANGEROUS,50
420405,4204,4200,USNYC-ST,USORF-ST,9,2024-02-14T10:00:00,2024-02-15T10:00:00,2024-02-13T10:00:00,2024-02-16T10:00:00,4203,42P1,OUT_OF_GAUGE,50
420501,4205,4200,USORF-ST,NLRTM-STN,119,2024-02-16T10:00:00,2024-02-25T10:00:00,2024-02-15T10:00:00,2024-02-26T10:00:00,4204,22G1,GENERAL,250
420502,4205,4200,USORF-ST,NLRTM-STN,119,2024-02-16T10:00:00,2024-02-25T10:00:00,2024-02-15T10:00:00,2024-02-26T10:00:00,4204,22G1,DANGEROUS,250
420503,4205,4200,USORF-ST,NLRTM-STN,119,2024-02-16T10:00:00,2024-02-25T10:00:00,2024-02-15T10:00:00,2024-02-26T10:00:00,4204,42R1,GENERAL,250
420504,4205,4200,USORF-ST,NLRTM-STN,119,2024-02-16T10:00:00,2024-02-25T10:00:00,2024-02-15T10:00:00,2024-02-26T10:00:00,4204,42R1,DANGEROUS,250
420505,4205,4200,USORF-ST,NLRTM-STN,119,2024-02-16T10:00:00,2024-02-25T10:00:00,2024-02-15T10:00:00,2024-02-26T10:00:00,4204,42P1,OUT_OF_GAUGE,250
430101,4301,4300,NLRTM-STN,DEHAM-ST,9,2024-02-26T10:00:00,2024-02-27T10:00:00,2024-02-25T10:00:00,2024-02-28T10:00:00,4205,22G1,GENERAL,50
430102,4301,4300,NLRTM-STN,DEHAM-ST,9,2024-02-26T10:00:00,2024-02-27T10:00:00,2024-02-25T10:00:00,2024-02-28T10:00:00,4205,22G1,DANGEROUS,50
430103,4301,4300,NLRTM-STN,DEHAM-ST,9,2024-02-26T10:00:00,2024-02-27T10:00:00,2024-02-25T10:00:00,2024-02-28T10:00:00,4205,42R1,GENERAL,50
430104,4301,4300,NLRTM-STN,DEHAM-ST,9,2024-02-26T10:00:00,2024-02-27T10:00:00,2024-02-25T10:00:00,2024-02-28T10:00:00,4205,42R1,DANGEROUS,50
430105,4301,4300,NLRTM-STN,DEHAM-ST,9,2024-02-26T10:00:00,2024-02-27T10:00:00,2024-02-25T10:00:00,2024-02-28T10:00:00,4205,42P1,OUT_OF_GAUGE,50
430201,4302,4300,DEHAM-ST,CAMTR-ST,119,2024-02-28T10:00:00,2024-03-09T10:00:00,2024-02-27T10:00:00,2024-03-10T10:00:00,4301,22G1,GENERAL,250
430202,4302,4300,DEHAM-ST,CAMTR-ST,119,2024-02-28T10:00:00,2024-03-09T10:00:00,2024-02-27T10:00:00,2024-03-10T10:00:00,4301,22G1,DANGEROUS,250
430203,4302,4300,DEHAM-ST,CAMTR-ST,119,2024-02-28T10:00:00,2024-03-09T10:00:00,2024-02-27T10:00:00,2024-03-10T10:00:00,4301,42R1,GENERAL,250
430204,4302,4300,DEHAM-ST,CAMTR-ST,119,2024-02-28T10:00:00,2024-03-09T10:00:00,2024-02-27T10:00:00,2024-03-10T10:00:00,4301,42R1,DANGEROUS,250
430205,4302,4300,DEHAM-ST,CAMTR-ST,119,2024-02-28T10:00:00,2024-03-09T10:00:00,2024-02-27T10:00:00,2024-03-10T10:00:00,4301,42P1,OUT_OF_GAUGE,250
430301,4303,4300,CAMTR-ST,USNYC-ST,34,2024-03-10T10:00:00,2024-03-12T10:00:00,2024-03-09T10:00:00,2024-03-13T10:00:00,4302,22G1,GENERAL,150
430302,4303,4300,CAMTR-ST,USNYC-ST,34,2024-03-10T10:00:00,2024-03-12T10:00:00,2024-03-09T10:00:00,2024-03-13T10:00:00,4302,22G1,DANGEROUS,150
430303,4303,4300,CAMTR-ST,USNYC-ST,34,2024-03-10T10:00:00,2024-03-12T10:00:00,2024-03-09T10:00:00,2024-03-13T10:00:00,4302,42R1,GENERAL,150
430304,4303,4300,CAMTR-ST,USNYC-ST,34,2024-03-10T10:00:00,2024-03-12T10:00:00,2024-03-09T10:00:00,2024-03-13T10:00:00,4302,42R1,DANGEROUS,150
430305,4303,4300,CAMTR-ST,USNYC-ST,34,2024-03-10T10:00:00,2024-03-12T10:00:00,2024-03-09T10:00:00,2024-03-13T10:00:00,4302,42P1,OUT_OF_GAUGE,150
430401,4304,4300,USNYC-ST,USORF-ST,9,2024-03-13T10:00:00,2024-03-14T10:00:00,2024-03-12T10:00:00,2024-03-15T10:00:00,4303,22G1,GENERAL,50
430402,4304,4300,USNYC-ST,USORF-ST,9,2024-03-13T10:00:00,2024-03-14T10:00:00,2024-03-12T10:00:00,2024-03-15T10:00:00,4303,22G1,DANGEROUS,50
430403,4304,4300,USNYC-ST,USORF-ST,9,2024-03-13T10:00:00,2024-03-14T10:00:00,2024-03-12T10:00:00,2024-03-15T10:00:00,4303,42R1,GENERAL,50
430404,4304,4300,USNYC-ST,USORF-ST,9,2024-03-13T10:00:00,2024-03-14T10:00:00,2024-03-12T10:00:00,2024-03-15T10:00:00,4303,42R1,DANGEROUS,50
430405,4304,4300,USNYC-ST,USORF-ST,9,2024-03-13T10:00:00,2024-03-14T10:00:00,2024-03-12T10:00:00,2024-03-15T10:00:00,4303,42P1,OUT_OF_GAUGE,50
430501,4305,4300,USORF-ST,NLRTM-STN,119,2024-03-15T10:00:00,2024-03-24T10:00:00,2024-03-14T10:00:00,2024-03-25T10:00:00,4304,22G1,GENERAL,250
430502,4305,4300,USORF-ST,NLRTM-STN,119,2024-03-15T10:00:00,2024-03-24T10:00:00,2024-03-14T10:00:00,2024-03-25T10:00:00,4304,22G1,DANGEROUS,250
430503,4305,4300,USORF-ST,NLRTM-STN,119,2024-03-15T10:00:00,2024-03-24T10:00:00,2024-03-14T10:00:00,2024-03-25T10:00:00,4304,42R1,GENERAL,250
430504,4305,4300,USORF-ST,NLRTM-STN,119,2024-03-15T10:00:00,2024-03-24T10:00:00,2024-03-14T10:00:00,2024-03-25T10:00:00,4304,42R1,DANGEROUS,250
430505,4305,4300,USORF-ST,NLRTM-STN,119,2024-03-15T10:00:00,2024-03-24T10:00:00,2024-03-14T10:00:00,2024-03-25T10:00:00,4304,42P1,OUT_OF_GAUGE,250
440101,4401,4400,NLRTM-STN,DEHAM-ST,9,2024-03-25T10:00:00,2024-03-26T10:00:00,2024-03-24T10:00:00,2024-03-27T10:00:00,4305,22G1,GENERAL,50
440102,4401,4400,NLRTM-STN,DEHAM-ST,9,2024-03-25T10:00:00,2024-03-26T10:00:00,2024-03-24T10:00:00,2024-03-27T10:00:00,4305,22G1,DANGEROUS,50
440103,4401,4400,NLRTM-STN,DEHAM-ST,9,2024-03-25T10:00:00,2024-03-26T10:00:00,2024-03-24T10:00:00,2024-03-27T10:00:00,4305,42R1,GENERAL,50
440104,4401,4400,NLRTM-STN,DEHAM-ST,9,2024-03-25T10:00:00,2024-03-26T10:00:00,2024-03-24T10:00:00,2024-03-27T10:00:00,4305,42R1,DANGEROUS,50
440105,4401,4400,NLRTM-STN,DEHAM-ST,9,2024-03-25T10:00:00,2024-03-26T10:00:00,2024-03-24T10:00:00,2024-03-27T10:00:00,4305,42P1,OUT_OF_GAUGE,50
440201,4402,4400,DEHAM-ST,CAMTR-ST,119,2024-03-27T10:00:00,2024-04-06T10:00:00,2024-03-26T10:00:00,2024-04-07T10:00:00,4401,22G1,GENERAL,250
440202,4402,4400,DEHAM-ST,CAMTR-ST,119,2024-03-27T10:00:00,2024-04-06T10:00:00,2024-03-26T10:00:00,2024-04-07T10:00:00,4401,22G1,DANGEROUS,250
440203,4402,4400,DEHAM-ST,CAMTR-ST,119,2024-03-27T10:00:00,2024-04-06T10:00:00,2024-03-26T10:00:00,2024-04-07T10:00:00,4401,42R1,GENERAL,250
440204,4402,4400,DEHAM-ST,CAMTR-ST,119,2024-03-27T10:00:00,2024-04-06T10:00:00,2024-03-26T10:00:00,2024-04-07T10:00:00,4401,42R1,DANGEROUS,250
440205,4402,4400,DEHAM-ST,CAMTR-ST,119,2024-03-27T10:00:00,2024-04-06T10:00:00,2024-03-26T10:00:00,2024-04-07T10:00:00,4401,42P1,OUT_OF_GAUGE,250
520101,5201,5200,DEHAM-ST,NLRTM-STS,9,2024-01-08T10:00:00,2024-01-09T10:00:00,2024-01-07T10:00:00,2024-01-10T10:00:00,5103,22G1,GENERAL,50
520102,5201,5200,DEHAM-ST,NLRTM-STS,9,2024-01-08T10:00:00,2024-01-09T10:00:00,2024-01-07T10:00:00,2024-01-10T10:00:00,5103,22G1,DANGEROUS,50
520103,5201,5200,DEHAM-ST,NLRTM-STS,9,2024-01-08T10:00:00,2024-01-09T10:00:00,2024-01-07T10:00:00,2024-01-10T10:00:00,5103,42R1,GENERAL,50
520104,5201,5200,DEHAM-ST,NLRTM-STS,9,2024-01-08T10:00:00,2024-01-09T10:00:00,2024-01-07T10:00:00,2024-01-10T10:00:00,5103,42R1,DANGEROUS,50
520105,5201,5200,DEHAM-ST,NLRTM-STS,9,2024-01-08T10:00:00,2024-01-09T10:00:00,2024-01-07T10:00:00,2024-01-10T10:00:00,5103,42P1,OUT_OF_GAUGE,50
520201,5202,5200,NLRTM-STS,SGSIN-ST,272,2024-01-10T10:00:00,2024-01-22T10:00:00,2024-01-09T10:00:00,2024-01-23T10:00:00,5201,22G1,GENERAL,350
520202,5202,5200,NLRTM-STS,SGSIN-ST,272,2024-01-10T10:00:00,2024-01-22T10:00:00,2024-01-09T10:00:00,2024-01-23T10:00:00,5201,22G1,DANGEROUS,350
520203,5202,5200,NLRTM-STS,SGSIN-ST,272,2024-01-10T10:00:00,2024-01-22T10:00:00,2024-01-09T10:00:00,2024-01-23T10:00:00,5201,42R1,GENERAL,350
520204,5202,5200,NLRTM-STS,SGSIN-ST,272,2024-01-10T10:00:00,2024-01-22T10:00:00,2024-01-09T10:00:00,2024-01-23T10:00:00,5201,42R1,DANGEROUS,350
520205,5202,5200,NLRTM-STS,SGSIN-ST,272,2024-01-10T10:00:00,2024-01-22T10:00:00,2024-01-09T10:00:00,2024-01-23T10:00:00,5201,42P1,OUT_OF_GAUGE,350
520301,5203,5200,SGSIN-ST,DEHAM-ST,255,2024-01-23T10:00:00,2024-02-04T10:00:00,2024-01-22T10:00:00,2024-02-05T10:00:00,5202,22G1,GENERAL,350
520302,5203,5200,SGSIN-ST,DEHAM-ST,255,2024-01-23T10:00:00,2024-02-04T10:00:00,2024-01-22T10:00:00,2024-02-05T10:00:00,5202,22G1,DANGEROUS,350
520303,5203,5200,SGSIN-ST,DEHAM-ST,255,2024-01-23T10:00:00,2024-02-04T10:00:00,2024-01-22T10:00:00,2024-02-05T10:00:00,5202,42R1,GENERAL,350
520304,5203,5200,SGSIN-ST,DEHAM-ST,255,2024-01-23T10:00:00,2024-02-04T10:00:00,2024-01-22T10:00:00,2024-02-05T10:00:00,5202,42R1,DANGEROUS,350
520305,5203,5200,SGSIN-ST,DEHAM-ST,255,2024-01-23T10:00:00,2024-02-04T10:00:00,2024-01-22T10:00:00,2024-02-05T10:00:00,5202,42P1,OUT_OF_GAUGE,350
530101,5301,5300,DEHAM-ST,NLRTM-STS,9,2024-02-05T10:00:00,2024-02-06T10:00:00,2024-02-04T10:00:00,2024-02-07T10:00:00,5203,22G1,GENERAL,50
530102,5301,5300,DEHAM-ST,NLRTM-STS,9,2024-02-05T10:00:00,2024-02-06T10:00:00,2024-02-04T10:00:00,2024-02-07T10:00:00,5203,22G1,DANGEROUS,50
530103,5301,5300,DEHAM-ST,NLRTM-STS,9,2024-02-05T10:00:00,2024-02-06T10:00:00,2024-02-04T10:00:00,2024-02-07T10:00:00,5203,42R1,GENERAL,50
530104,5301,5300,DEHAM-ST,NLRTM-STS,9,2024-02-05T10:00:00,2024-02-06T10:00:00,2024-02-04T10:00:00,2024-02-07T10:00:00,5203,42R1,DANGEROUS,50
530105,5301,5300,DEHAM-ST,NLRTM-STS,9,2024-02-05T10:00:00,2024-02-06T10:00:00,2024-02-04T10:00:00,2024-02-07T10:00:00,5203,42P1,OUT_OF_GAUGE,50
530201,5302,5300,NLRTM-STS,SGSIN-ST,272,2024-02-07T10:00:00,2024-02-19T10:00:00,2024-02-06T10:00:00,2024-02-20T10:00:00,5301,22G1,GENERAL,350
530202,5302,5300,NLRTM-STS,SGSIN-ST,272,2024-02-07T10:00:00,2024-02-19T10:00:00,2024-02-06T10:00:00,2024-02-20T10:00:00,5301,22G1,DANGEROUS,350
530203,5302,5300,NLRTM-STS,SGSIN-ST,272,2024-02-07T10:00:00,2024-02-19T10:00:00,2024-02-06T10:00:00,2024-02-20T10:00:00,5301,42R1,GENERAL,350
530204,5302,5300,NLRTM-STS,SGSIN-ST,272,2024-02-07T10:00:00,2024-02-19T10:00:00,2024-02-06T10:00:00,2024-02-20T10:00:00,5301,42R1,DANGEROUS,350
530205,5302,5300,NLRTM-STS,SGSIN-ST,272,2024-02-07T10:00:00,2024-02-19T10:00:00,2024-02-06T10:00:00,2024-02-20T10:00:00,5301,42P1,OUT_OF_GAUGE,350
530301,5303,5300,SGSIN-ST,DEHAM-ST,255,2024-02-20T10:00:00,2024-03-03T10:00:00,2024-02-19T10:00:00,2024-03-04T10:00:00,5302,22G1,GENERAL,350
530302,5303,5300,SGSIN-ST,DEHAM-ST,255,2024-02-20T10:00:00,2024-03-03T10:00:00,2024-02-19T10:00:00,2024-03-04T10:00:00,5302,22G1,DANGEROUS,350
530303,5303,5300,SGSIN-ST,DEHAM-ST,255,2024-02-20T10:00:00,2024-03-03T10:00:00,2024-02-19T10:00:00,2024-03-04T10:00:00,5302,42R1,GENERAL,350
530304,5303,5300,SGSIN-ST,DEHAM-ST,255,2024-02-20T10:00:00,2024-03-03T10:00:00,2024-02-19T10:00:00,2024-03-04T10:00:00,5302,42R1,DANGEROUS,350
530305,5303,5300,SGSIN-ST,DEHAM-ST,255,2024-02-20T10:00:00,2024-03-03T10:00:00,2024-02-19T10:00:00,2024-03-04T10:00:00,5302,42P1,OUT_OF_GAUGE,350
540101,5401,5400,DEHAM-ST,NLRTM-STS,9,2024-03-04T10:00:00,2024-03-05T10:00:00,2024-03-03T10:00:00,2024-03-06T10:00:00,5303,22G1,GENERAL,50
540102,5401,5400,DEHAM-ST,NLRTM-STS,9,2024-03-04T10:00:00,2024-03-05T10:00:00,2024-03-03T10:00:00,2024-03-06T10:00:00,5303,22G1,DANGEROUS,50
540103,5401,5400,DEHAM-ST,NLRTM-STS,9,2024-03-04T10:00:00,2024-03-05T10:00:00,2024-03-03T10:00:00,2024-03-06T10:00:00,5303,42R1,GENERAL,50
540104,5401,5400,DEHAM-ST,NLRTM-STS,9,2024-03-04T10:00:00,2024-03-05T10:00:00,2024-03-03T10:00:00,2024-03-06T10:00:00,5303,42R1,DANGEROUS,50
540105,5401,5400,DEHAM-ST,NLRTM-STS,9,2024-03-04T10:00:00,2024-03-05T10:00:00,2024-03-03T10:00:00,2024-03-06T10:00:00,5303,42P1,OUT_OF_GAUGE,50
540201,5402,5400,NLRTM-STS,SGSIN-ST,272,2024-03-06T10:00:00,2024-03-18T10:00:00,2024-03-05T10:00:00,2024-03-19T10:00:00,5401,22G1,GENERAL,350
540202,5402,5400,NLRTM-STS,SGSIN-ST,272,2024-03-06T10:00:00,2024-03-18T10:00:00,2024-03-05T10:00:00,2024-03-19T10:00:00,5401,22G1,DANGEROUS,350
540203,5402,5400,NLRTM-STS,SGSIN-ST,272,2024-03-06T10:00:00,2024-03-18T10:00:00,2024-03-05T10:00:00,2024-03-19T10:00:00,5401,42R1,GENERAL,350
540204,5402,5400,NLRTM-STS,SGSIN-ST,272,2024-03-06T10:00:00,2024-03-18T10:00:00,2024-03-05T10:00:00,2024-03-19T10:00:00,5401,42R1,DANGEROUS,350
540205,5402,5400,NLRTM-STS,SGSIN-ST,272,2024-03-06T10:00:00,2024-03-18T10:00:00,2024-03-05T10:00:00,2024-03-19T10:00:00,5401,42P1,OUT_OF_GAUGE,350
540301,5403,5400,SGSIN-ST,DEHAM-ST,255,2024-03-19T10:00:00,2024-03-31T10:00:00,2024-03-18T10:00:00,2024-04-01T10:00:00,5402,22G1,GENERAL,350
540302,5403,5400,SGSIN-ST,DEHAM-ST,255,2024-03-19T10:00:00,2024-03-31T10:00:00,2024-03-18T10:00:00,2024-04-01T10:00:00,5402,22G1,DANGEROUS,350
540303,5403,5400,SGSIN-ST,DEHAM-ST,255,2024-03-19T10:00:00,2024-03-31T10:00:00,2024-03-18T10:00:00,2024-04-01T10:00:00,5402,42R1,GENERAL,350
540304,5403,5400,SGSIN-ST,DEHAM-ST,255,2024-03-19T10:00:00,2024-03-31T10:00:00,2024-03-18T10:00:00,2024-04-01T10:00:00,5402,42R1,DANGEROUS,350
540305,5403,5400,SGSIN-ST,DEHAM-ST,255,2024-03-19T10:00:00,2024-03-31T10:00:00,2024-03-18T10:00:00,2024-04-01T10:00:00,5402,42P1,OUT_OF_GAUGE,350
550101,5501,5500,DEHAM-ST,NLRTM-STS,9,2024-04-01T10:00:00,2024-04-02T10:00:00,2024-03-31T10:00:00,2024-04-03T10:00:00,5403,22G1,GENERAL,50
550102,5501,5500,DEHAM-ST,NLRTM-STS,9,2024-04-01T10:00:00,2024-04-02T10:00:00,2024-03-31T10:00:00,2024-04-03T10:00:00,5403,22G1,DANGEROUS,50
550103,5501,5500,DEHAM-ST,NLRTM-STS,9,2024-04-01T10:00:00,2024-04-02T10:00:00,2024-03-31T10:00:00,2024-04-03T10:00:00,5403,42R1,GENERAL,50
550104,5501,5500,DEHAM-ST,NLRTM-STS,9,2024-04-01T10:00:00,2024-04-02T10:00:00,2024-03-31T10:00:00,2024-04-03T10:00:00,5403,42R1,DANGEROUS,50
550105,5501,5500,DEHAM-ST,NLRTM-STS,9,2024-04-01T10:00:00,2024-04-02T10:00:00,2024-03-31T10:00:00,2024-04-03T10:00:00,5403,42P1,OUT_OF_GAUGE,50
610301,6103,6100,SGSIN-ST,DEHAM-ST,255,2024-01-02T10:00:00,2024-01-14T10:00:00,2024-01-01T10:00:00,2024-01-15T10:00:00,6102,22G1,GENERAL,350
610302,6103,6100,SGSIN-ST,DEHAM-ST,255,2024-01-02T10:00:00,2024-01-14T10:00:00,2024-01-01T10:00:00,2024-01-15T10:00:00,6102,22G1,DANGEROUS,350
610303,6103,6100,SGSIN-ST,DEHAM-ST,255,2024-01-02T10:00:00,2024-01-14T10:00:00,2024-01-01T10:00:00,2024-01-15T10:00:00,6102,42R1,GENERAL,350
610304,6103,6100,SGSIN-ST,DEHAM-ST,255,2024-01-02T10:00:00,2024-01-14T10:00:00,2024-01-01T10:00:00,2024-01-15T10:00:00,6102,42R1,DANGEROUS,350
610305,6103,6100,SGSIN-ST,DEHAM-ST,255,2024-01-02T10:00:00,2024-01-14T10:00:00,2024-01-01T10:00:00,2024-01-15T10:00:00,6102,42P1,OUT_OF_GAUGE,350
620101,6201,6200,DEHAM-ST,NLRTM-STS,9,2024-01-15T10:00:00,2024-01-16T10:00:00,2024-01-14T10:00:00,2024-01-17T10:00:00,6103,22G1,GENERAL,50
620102,6201,6200,DEHAM-ST,NLRTM-STS,9,2024-01-15T10:00:00,2024-01-16T10:00:00,2024-01-14T10:00:00,2024-01-17T10:00:00,6103,22G1,DANGEROUS,50
620103,6201,6200,DEHAM-ST,NLRTM-STS,9,2024-01-15T10:00:00,2024-01-16T10:00:00,2024-01-14T10:00:00,2024-01-17T10:00:00,6103,42R1,GENERAL,50
620104,6201,6200,DEHAM-ST,NLRTM-STS,9,2024-01-15T10:00:00,2024-01-16T10:00:00,2024-01-14T10:00:00,2024-01-17T10:00:00,6103,42R1,DANGEROUS,50
620105,6201,6200,DEHAM-ST,NLRTM-STS,9,2024-01-15T10:00:00,2024-01-16T10:00:00,2024-01-14T10:00:00,2024-01-17T10:00:00,6103,42P1,OUT_OF_GAUGE,50
620201,6202,6200,NLRTM-STS,SGSIN-ST,272,2024-01-17T10:00:00,2024-01-29T10:00:00,2024-01-16T10:00:00,2024-01-30T10:00:00,6201,22G1,GENERAL,350
620202,6202,6200,NLRTM-STS,SGSIN-ST,272,2024-01-17T10:00:00,2024-01-29T10:00:00,2024-01-16T10:00:00,2024-01-30T10:00:00,6201,22G1,DANGEROUS,350
620203,6202,6200,NLRTM-STS,SGSIN-ST,272,2024-01-17T10:00:00,2024-01-29T10:00:00,2024-01-16T10:00:00,2024-01-30T10:00:00,6201,42R1,GENERAL,350
620204,6202,6200,NLRTM-STS,SGSIN-ST,272,2024-01-17T10:00:00,2024-01-29T10:00:00,2024-01-16T10:00:00,2024-01-30T10:00:00,6201,42R1,DANGEROUS,350
620205,6202,6200,NLRTM-STS,SGSIN-ST,272,2024-01-17T10:00:00,2024-01-29T10:00:00,2024-01-16T10:00:00,2024-01-30T10:00:00,6201,42P1,OUT_OF_GAUGE,350
620301,6203,6200,SGSIN-ST,DEHAM-ST,255,2024-01-30T10:00:00,2024-02-11T10:00:00,2024-01-29T10:00:00,2024-02-12T10:00:00,6202,22G1,GENERAL,350
620302,6203,6200,SGSIN-ST,DEHAM-ST,255,2024-01-30T10:00:00,2024-02-11T10:00:00,2024-01-29T10:00:00,2024-02-12T10:00:00,6202,22G1,DANGEROUS,350
620303,6203,6200,SGSIN-ST,DEHAM-ST,255,2024-01-30T10:00:00,2024-02-11T10:00:00,2024-01-29T10:00:00,2024-02-12T10:00:00,6202,42R1,GENERAL,350
620304,6203,6200,SGSIN-ST,DEHAM-ST,255,2024-01-30T10:00:00,2024-02-11T10:00:00,2024-01-29T10:00:00,2024-02-12T10:00:00,6202,42R1,DANGEROUS,350
620305,6203,6200,SGSIN-ST,DEHAM-ST,255,2024-01-30T10:00:00,2024-02-11T10:00:00,2024-01-29T10:00:00,2024-02-12T10:00:00,6202,42P1,OUT_OF_GAUGE,350
630101,6301,6300,DEHAM-ST,NLRTM-STS,9,2024-02-12T10:00:00,2024-02-13T10:00:00,2024-02-11T10:00:00,2024-02-14T10:00:00,6203,22G1,GENERAL,50
630102,6301,6300,DEHAM-ST,NLRTM-STS,9,2024-02-12T10:00:00,2024-02-13T10:00:00,2024-02-11T10:00:00,2024-02-14T10:00:00,6203,22G1,DANGEROUS,50
630103,6301,6300,DEHAM-ST,NLRTM-STS,9,2024-02-12T10:00:00,2024-02-13T10:00:00,2024-02-11T10:00:00,2024-02-14T10:00:00,6203,42R1,GENERAL,50
630104,6301,6300,DEHAM-ST,NLRTM-STS,9,2024-02-12T10:00:00,2024-02-13T10:00:00,2024-02-11T10:00:00,2024-02-14T10:00:00,6203,42R1,DANGEROUS,50
630105,6301,6300,DEHAM-ST,NLRTM-STS,9,2024-02-12T10:00:00,2024-02-13T10:00:00,2024-02-11T10:00:00,2024-02-14T10:00:00,6203,42P1,OUT_OF_GAUGE,50
630201,6302,6300,NLRTM-STS,SGSIN-ST,272,2024-02-14T10:00:00,2024-02-26T10:00:00,2024-02-13T10:00:00,2024-02-27T10:00:00,6301,22G1,GENERAL,350
630202,6302,6300,NLRTM-STS,SGSIN-ST,272,2024-02-14T10:00:00,2024-02-26T10:00:00,2024-02-13T10:00:00,2024-02-27T10:00:00,6301,22G1,DANGEROUS,350
630203,6302,6300,NLRTM-STS,SGSIN-ST,272,2024-02-14T10:00:00,2024-02-26T10:00:00,2024-02-13T10:00:00,2024-02-27T10:00:00,6301,42R1,GENERAL,350
630204,6302,6300,NLRTM-STS,SGSIN-ST,272,2024-02-14T10:00:00,2024-02-26T10:00:00,2024-02-13T10:00:00,2024-02-27T10:00:00,6301,42R1,DANGEROUS,350
630205,6302,6300,NLRTM-STS,SGSIN-ST,272,2024-02-14T10:00:00,2024-02-26T10:00:00,2024-02-13T10:00:00,2024-02-27T10:00:00,6301,42P1,OUT_OF_GAUGE,350
630301,6303,6300,SGSIN-ST,DEHAM-ST,255,2024-02-27T10:00:00,2024-03-10T10:00:00,2024-02-26T10:00:00,2024-03-11T10:00:00,6302,22G1,GENERAL,350
630302,6303,6300,SGSIN-ST,DEHAM-ST,255,2024-02-27T10:00:00,2024-03-10T10:00:00,2024-02-26T10:00:00,2024-03-11T10:00:00,6302,22G1,DANGEROUS,350
630303,6303,6300,SGSIN-ST,DEHAM-ST,255,2024-02-27T10:00:00,2024-03-10T10:00:00,2024-02-26T10:00:00,2024-03-11T10:00:00,6302,42R1,GENERAL,350
630304,6303,6300,SGSIN-ST,DEHAM-ST,255,2024-02-27T10:00:00,2024-03-10T10:00:00,2024-02-26T10:00:00,2024-03-11T10:00:00,6302,42R1,DANGEROUS,350
630305,6303,6300,SGSIN-ST,DEHAM-ST,255,2024-02-27T10:00:00,2024-03-10T10:00:00,2024-02-26T10:00:00,2024-03-11T10:00:00,6302,42P1,OUT_OF_GAUGE,350
640101,6401,6400,DEHAM-ST,NLRTM-STS,9,2024-03-11T10:00:00,2024-03-12T10:00:00,2024-03-10T10:00:00,2024-03-13T10:00:00,6303,22G1,GENERAL,50
640102,6401,6400,DEHAM-ST,NLRTM-STS,9,2024-03-11T10:00:00,2024-03-12T10:00:00,2024-03-10T10:00:00,2024-03-13T10:00:00,6303,22G1,DANGEROUS,50
640103,6401,6400,DEHAM-ST,NLRTM-STS,9,2024-03-11T10:00:00,2024-03-12T10:00:00,2024-03-10T10:00:00,2024-03-13T10:00:00,6303,42R1,GENERAL,50
640104,6401,6400,DEHAM-ST,NLRTM-STS,9,2024-03-11T10:00:00,2024-03-12T10:00:00,2024-03-10T10:00:00,2024-03-13T10:00:00,6303,42R1,DANGEROUS,50
640105,6401,6400,DEHAM-ST,NLRTM-STS,9,2024-03-11T10:00:00,2024-03-12T10:00:00,2024-03-10T10:00:00,2024-03-13T10:00:00,6303,42P1,OUT_OF_GAUGE,50
640201,6402,6400,NLRTM-STS,SGSIN-ST,272,2024-03-13T10:00:00,2024-03-25T10:00:00,2024-03-12T10:00:00,2024-03-26T10:00:00,6401,22G1,GENERAL,350
640202,6402,6400,NLRTM-STS,SGSIN-ST,272,2024-03-13T10:00:00,2024-03-25T10:00:00,2024-03-12T10:00:00,2024-03-26T10:00:00,6401,22G1,DANGEROUS,350
640203,6402,6400,NLRTM-STS,SGSIN-ST,272,2024-03-13T10:00:00,2024-03-25T10:00:00,2024-03-12T10:00:00,2024-03-26T10:00:00,6401,42R1,GENERAL,350
640204,6402,6400,NLRTM-STS,SGSIN-ST,272,2024-03-13T10:00:00,2024-03-25T10:00:00,2024-03-12T10:00:00,2024-03-26T10:00:00,6401,42R1,DANGEROUS,350
640205,6402,6400,NLRTM-STS,SGSIN-ST,272,2024-03-13T10:00:00,2024-03-25T10:00:00,2024-03-12T10:00:00,2024-03-26T10:00:00,6401,42P1,OUT_OF_GAUGE,350
640301,6403,6400,SGSIN-ST,DEHAM-ST,255,2024-03-26T10:00:00,2024-04-07T10:00:00,2024-03-25T10:00:00,2024-04-08T10:00:00,6402,22G1,GENERAL,350
640302,6403,6400,SGSIN-ST,DEHAM-ST,255,2024-03-26T10:00:00,2024-04-07T10:00:00,2024-03-25T10:00:00,2024-04-08T10:00:00,6402,22G1,DANGEROUS,350
640303,6403,6400,SGSIN-ST,DEHAM-ST,255,2024-03-26T10:00:00,2024-04-07T10:00:00,2024-03-25T10:00:00,2024-04-08T10:00:00,6402,42R1,GENERAL,350
640304,6403,6400,SGSIN-ST,DEHAM-ST,255,2024-03-26T10:00:00,2024-04-07T10:00:00,2024-03-25T10:00:00,2024-04-08T10:00:00,6402,42R1,DANGEROUS,350
640305,6403,6400,SGSIN-ST,DEHAM-ST,255,2024-03-26T10:00:00,2024-04-07T10:00:00,2024-03-25T10:00:00,2024-04-08T10:00:00,6402,42P1,OUT_OF_GAUGE,350
710301,7103,7100,SGSIN-ST,DEHAM-ST,255,2024-01-09T10:00:00,2024-01-21T10:00:00,2024-01-08T10:00:00,2024-01-22T10:00:00,7102,22G1,GENERAL,350
710302,7103,7100,SGSIN-ST,DEHAM-ST,255,2024-01-09T10:00:00,2024-01-21T10:00:00,2024-01-08T10:00:00,2024-01-22T10:00:00,7102,22G1,DANGEROUS,350
710303,7103,7100,SGSIN-ST,DEHAM-ST,255,2024-01-09T10:00:00,2024-01-21T10:00:00,2024-01-08T10:00:00,2024-01-22T10:00:00,7102,42R1,GENERAL,350
710304,7103,7100,SGSIN-ST,DEHAM-ST,255,2024-01-09T10:00:00,2024-01-21T10:00:00,2024-01-08T10:00:00,2024-01-22T10:00:00,7102,42R1,DANGEROUS,350
710305,7103,7100,SGSIN-ST,DEHAM-ST,255,2024-01-09T10:00:00,2024-01-21T10:00:00,2024-01-08T10:00:00,2024-01-22T10:00:00,7102,42P1,OUT_OF_GAUGE,350
720101,7201,7200,DEHAM-ST,NLRTM-STS,9,2024-01-22T10:00:00,2024-01-23T10:00:00,2024-01-21T10:00:00,2024-01-24T10:00:00,7103,22G1,GENERAL,50
720102,7201,7200,DEHAM-ST,NLRTM-STS,9,2024-01-22T10:00:00,2024-01-23T10:00:00,2024-01-21T10:00:00,2024-01-24T10:00:00,7103,22G1,DANGEROUS,50
720103,7201,7200,DEHAM-ST,NLRTM-STS,9,2024-01-22T10:00:00,2024-01-23T10:00:00,2024-01-21T10:00:00,2024-01-24T10:00:00,7103,42R1,GENERAL,50
720104,7201,7200,DEHAM-ST,NLRTM-STS,9,2024-01-22T10:00:00,2024-01-23T10:00:00,2024-01-21T10:00:00,2024-01-24T10:00:00,7103,42R1,DANGEROUS,50
720105,7201,7200,DEHAM-ST,NLRTM-STS,9,2024-01-22T10:00:00,2024-01-23T10:00:00,2024-01-21T10:00:00,2024-01-24T10:00:00,7103,42P1,OUT_OF_GAUGE,50
720201,7202,7200,NLRTM-STS,SGSIN-ST,272,2024-01-24T10:00:00,2024-02-05T10:00:00,2024-01-23T10:00:00,2024-02-06T10:00:00,7201,22G1,GENERAL,350
720202,7202,7200,NLRTM-STS,SGSIN-ST,272,2024-01-24T10:00:00,2024-02-05T10:00:00,2024-01-23T10:00:00,2024-02-06T10:00:00,7201,22G1,DANGEROUS,350
720203,7202,7200,NLRTM-STS,SGSIN-ST,272,2024-01-24T10:00:00,2024-02-05T10:00:00,2024-01-23T10:00:00,2024-02-06T10:00:00,7201,42R1,GENERAL,350
720204,7202,7200,NLRTM-STS,SGSIN-ST,272,2024-01-24T10:00:00,2024-02-05T10:00:00,2024-01-23T10:00:00,2024-02-06T10:00:00,7201,42R1,DANGEROUS,350
720205,7202,7200,NLRTM-STS,SGSIN-ST,272,2024-01-24T10:00:00,2024-02-05T10:00:00,2024-01-23T10:00:00,2024-02-06T10:00:00,7201,42P1,OUT_OF_GAUGE,350
720301,7203,7200,SGSIN-ST,DEHAM-ST,255,2024-02-06T10:00:00,2024-02-18T10:00:00,2024-02-05T10:00:00,2024-02-19T10:00:00,7202,22G1,GENERAL,350
720302,7203,7200,SGSIN-ST,DEHAM-ST,255,2024-02-06T10:00:00,2024-02-18T10:00:00,2024-02-05T10:00:00,2024-02-19T10:00:00,7202,22G1,DANGEROUS,350
720303,7203,7200,SGSIN-ST,DEHAM-ST,255,2024-02-06T10:00:00,2024-02-18T10:00:00,2024-02-05T10:00:00,2024-02-19T10:00:00,7202,42R1,GENERAL,350
720304,7203,7200,SGSIN-ST,DEHAM-ST,255,2024-02-06T10:00:00,2024-02-18T10:00:00,2024-02-05T10:00:00,2024-02-19T10:00:00,7202,42R1,DANGEROUS,350
720305,7203,7200,SGSIN-ST,DEHAM-ST,255,2024-02-06T10:00:00,2024-02-18T10:00:00,2024-02-05T10:00:00,2024-02-19T10:00:00,7202,42P1,OUT_OF_GAUGE,350
730101,7301,7300,DEHAM-ST,NLRTM-STS,9,2024-02-19T10:00:00,2024-02-20T10:00:00,2024-02-18T10:00:00,2024-02-21T10:00:00,7203,22G1,GENERAL,50
730102,7301,7300,DEHAM-ST,NLRTM-STS,9,2024-02-19T10:00:00,2024-02-20T10:00:00,2024-02-18T10:00:00,2024-02-21T10:00:00,7203,22G1,DANGEROUS,50
730103,7301,7300,DEHAM-ST,NLRTM-STS,9,2024-02-19T10:00:00,2024-02-20T10:00:00,2024-02-18T10:00:00,2024-02-21T10:00:00,7203,42R1,GENERAL,50
730104,7301,7300,DEHAM-ST,NLRTM-STS,9,2024-02-19T10:00:00,2024-02-20T10:00:00,2024-02-18T10:00:00,2024-02-21T10:00:00,7203,42R1,DANGEROUS,50
730105,7301,7300,DEHAM-ST,NLRTM-STS,9,2024-02-19T10:00:00,2024-02-20T10:00:00,2024-02-18T10:00:00,2024-02-21T10:00:00,7203,42P1,OUT_OF_GAUGE,50
730201,7302,7300,NLRTM-STS,SGSIN-ST,272,2024-02-21T10:00:00,2024-03-04T10:00:00,2024-02-20T10:00:00,2024-03-05T10:00:00,7301,22G1,GENERAL,350
730202,7302,7300,NLRTM-STS,SGSIN-ST,272,2024-02-21T10:00:00,2024-03-04T10:00:00,2024-02-20T10:00:00,2024-03-05T10:00:00,7301,22G1,DANGEROUS,350
730203,7302,7300,NLRTM-STS,SGSIN-ST,272,2024-02-21T10:00:00,2024-03-04T10:00:00,2024-02-20T10:00:00,2024-03-05T10:00:00,7301,42R1,GENERAL,350
730204,7302,7300,NLRTM-STS,SGSIN-ST,272,2024-02-21T10:00:00,2024-03-04T10:00:00,2024-02-20T10:00:00,2024-03-05T10:00:00,7301,42R1,DANGEROUS,350
730205,7302,7300,NLRTM-STS,SGSIN-ST,272,2024-02-21T10:00:00,2024-03-04T10:00:00,2024-02-20T10:00:00,2024-03-05T10:00:00,7301,42P1,OUT_OF_GAUGE,350
730301,7303,7300,SGSIN-ST,DEHAM-ST,255,2024-03-05T10:00:00,2024-03-17T10:00:00,2024-03-04T10:00:00,2024-03-18T10:00:00,7302,22G1,GENERAL,350
730302,7303,7300,SGSIN-ST,DEHAM-ST,255,2024-03-05T10:00:00,2024-03-17T10:00:00,2024-03-04T10:00:00,2024-03-18T10:00:00,7302,22G1,DANGEROUS,350
730303,7303,7300,SGSIN-ST,DEHAM-ST,255,2024-03-05T10:00:00,2024-03-17T10:00:00,2024-03-04T10:00:00,2024-03-18T10:00:00,7302,42R1,GENERAL,350
730304,7303,7300,SGSIN-ST,DEHAM-ST,255,2024-03-05T10:00:00,2024-03-17T10:00:00,2024-03-04T10:00:00,2024-03-18T10:00:00,7302,42R1,DANGEROUS,350
730305,7303,7300,SGSIN-ST,DEHAM-ST,255,2024-03-05T10:00:00,2024-03-17T10:00:00,2024-03-04T10:00:00,2024-03-18T10:00:00,7302,42P1,OUT_OF_GAUGE,350
740101,7401,7400,DEHAM-ST,NLRTM-STS,9,2024-03-18T10:00:00,2024-03-19T10:00:00,2024-03-17T10:00:00,2024-03-20T10:00:00,7303,22G1,GENERAL,50
740102,7401,7400,DEHAM-ST,NLRTM-STS,9,2024-03-18T10:00:00,2024-03-19T10:00:00,2024-03-17T10:00:00,2024-03-20T10:00:00,7303,22G1,DANGEROUS,50
740103,7401,7400,DEHAM-ST,NLRTM-STS,9,2024-03-18T10:00:00,2024-03-19T10:00:00,2024-03-17T10:00:00,2024-03-20T10:00:00,7303,42R1,GENERAL,50
740104,7401,7400,DEHAM-ST,NLRTM-STS,9,2024-03-18T10:00:00,2024-03-19T10:00:00,2024-03-17T10:00:00,2024-03-20T10:00:00,7303,42R1,DANGEROUS,50
740105,7401,7400,DEHAM-ST,NLRTM-STS,9,2024-03-18T10:00:00,2024-03-19T10:00:00,2024-03-17T10:00:00,2024-03-20T10:00:00,7303,42P1,OUT_OF_GAUGE,50
740201,7402,7400,NLRTM-STS,SGSIN-ST,272,2024-03-20T10:00:00,2024-04-01T10:00:00,2024-03-19T10:00:00,2024-04-02T10:00:00,7401,22G1,GENERAL,350
740202,7402,7400,NLRTM-STS,SGSIN-ST,272,2024-03-20T10:00:00,2024-04-01T10:00:00,2024-03-19T10:00:00,2024-04-02T10:00:00,7401,22G1,DANGEROUS,350
740203,7402,7400,NLRTM-STS,SGSIN-ST,272,2024-03-20T10:00:00,2024-04-01T10:00:00,2024-03-19T10:00:00,2024-04-02T10:00:00,7401,42R1,GENERAL,350
740204,7402,7400,NLRTM-STS,SGSIN-ST,272,2024-03-20T10:00:00,2024-04-01T10:00:00,2024-03-19T10:00:00,2024-04-02T10:00:00,7401,42R1,DANGEROUS,350
740205,7402,7400,NLRTM-STS,SGSIN-ST,272,2024-03-20T10:00:00,2024-04-01T10:00:00,2024-03-19T10:00:00,2024-04-02T10:00:00,7401,42P1,OUT_OF_GAUGE,350
810201,8102,8100,NLRTM-STS,SGSIN-ST,272,2024-01-03T10:00:00,2024-01-15T10:00:00,2024-01-02T10:00:00,2024-01-16T10:00:00,8101,22G1,GENERAL,350
810202,8102,8100,NLRTM-STS,SGSIN-ST,272,2024-01-03T10:00:00,2024-01-15T10:00:00,2024-01-02T10:00:00,2024-01-16T10:00:00,8101,22G1,DANGEROUS,350
810203,8102,8100,NLRTM-STS,SGSIN-ST,272,2024-01-03T10:00:00,2024-01-15T10:00:00,2024-01-02T10:00:00,2024-01-16T10:00:00,8101,42R1,GENERAL,350
810204,8102,8100,NLRTM-STS,SGSIN-ST,272,2024-01-03T10:00:00,2024-01-15T10:00:00,2024-01-02T10:00:00,2024-01-16T10:00:00,8101,42R1,DANGEROUS,350
810205,8102,8100,NLRTM-STS,SGSIN-ST,272,2024-01-03T10:00:00,2024-01-15T10:00:00,2024-01-02T10:00:00,2024-01-16T10:00:00,8101,42P1,OUT_OF_GAUGE,350
810301,8103,8100,SGSIN-ST,DEHAM-ST,255,2024-01-16T10:00:00,2024-01-28T10:00:00,2024-01-15T10:00:00,2024-01-29T10:00:00,8102,22G1,GENERAL,350
810302,8103,8100,SGSIN-ST,DEHAM-ST,255,2024-01-16T10:00:00,2024-01-28T10:00:00,2024-01-15T10:00:00,2024-01-29T10:00:00,8102,22G1,DANGEROUS,350
810303,8103,8100,SGSIN-ST,DEHAM-ST,255,2024-01-16T10:00:00,2024-01-28T10:00:00,2024-01-15T10:00:00,2024-01-29T10:00:00,8102,42R1,GENERAL,350
810304,8103,8100,SGSIN-ST,DEHAM-ST,255,2024-01-16T10:00:00,2024-01-28T10:00:00,2024-01-15T10:00:00,2024-01-29T10:00:00,8102,42R1,DANGEROUS,350
810305,8103,8100,SGSIN-ST,DEHAM-ST,255,2024-01-16T10:00:00,2024-01-28T10:00:00,2024-01-15T10:00:00,2024-01-29T10:00:00,8102,42P1,OUT_OF_GAUGE,350
820101,8201,8200,DEHAM-ST,NLRTM-STS,9,2024-01-29T10:00:00,2024-01-30T10:00:00,2024-01-28T10:00:00,2024-01-31T10:00:00,8103,22G1,GENERAL,50
820102,8201,8200,DEHAM-ST,NLRTM-STS,9,2024-01-29T10:00:00,2024-01-30T10:00:00,2024-01-28T10:00:00,2024-01-31T10:00:00,8103,22G1,DANGEROUS,50
820103,8201,8200,DEHAM-ST,NLRTM-STS,9,2024-01-29T10:00:00,2024-01-30T10:00:00,2024-01-28T10:00:00,2024-01-31T10:00:00,8103,42R1,GENERAL,50
820104,8201,8200,DEHAM-ST,NLRTM-STS,9,2024-01-29T10:00:00,2024-01-30T10:00:00,2024-01-28T10:00:00,2024-01-31T10:00:00,8103,42R1,DANGEROUS,50
820105,8201,8200,DEHAM-ST,NLRTM-STS,9,2024-01-29T10:00:00,2024-01-30T10:00:00,2024-01-28T10:00:00,2024-01-31T10:00:00,8103,42P1,OUT_OF_GAUGE,50
820201,8202,8200,NLRTM-STS,SGSIN-ST,272,2024-01-31T10:00:00,2024-02-12T10:00:00,2024-01-30T10:00:00,2024-02-13T10:00:00,8201,22G1,GENERAL,350
820202,8202,8200,NLRTM-STS,SGSIN-ST,272,2024-01-31T10:00:00,2024-02-12T10:00:00,2024-01-30T10:00:00,2024-02-13T10:00:00,8201,22G1,DANGEROUS,350
820203,8202,8200,NLRTM-STS,SGSIN-ST,272,2024-01-31T10:00:00,2024-02-12T10:00:00,2024-01-30T10:00:00,2024-02-13T10:00:00,8201,42R1,GENERAL,350
820204,8202,8200,NLRTM-STS,SGSIN-ST,272,2024-01-31T10:00:00,2024-02-12T10:00:00,2024-01-30T10:00:00,2024-02-13T10:00:00,8201,42R1,DANGEROUS,350
820205,8202,8200,NLRTM-STS,SGSIN-ST,272,2024-01-31T10:00:00,2024-02-12T10:00:00,2024-01-30T10:00:00,2024-02-13T10:00:00,8201,42P1,OUT_OF_GAUGE,350
820301,8203,8200,SGSIN-ST,DEHAM-ST,255,2024-02-13T10:00:00,2024-02-25T10:00:00,2024-02-12T10:00:00,2024-02-26T10:00:00,8202,22G1,GENERAL,350
820302,8203,8200,SGSIN-ST,DEHAM-ST,255,2024-02-13T10:00:00,2024-02-25T10:00:00,2024-02-12T10:00:00,2024-02-26T10:00:00,8202,22G1,DANGEROUS,350
820303,8203,8200,SGSIN-ST,DEHAM-ST,255,2024-02-13T10:00:00,2024-02-25T10:00:00,2024-02-12T10:00:00,2024-02-26T10:00:00,8202,42R1,GENERAL,350
820304,8203,8200,SGSIN-ST,DEHAM-ST,255,2024-02-13T10:00:00,2024-02-25T10:00:00,2024-02-12T10:00:00,2024-02-26T10:00:00,8202,42R1,DANGEROUS,350
820305,8203,8200,SGSIN-ST,DEHAM-ST,255,2024-02-13T10:00:00,2024-02-25T10:00:00,2024-02-12T10:00:00,2024-02-26T10:00:00,8202,42P1,OUT_OF_GAUGE,350
830101,8301,8300,DEHAM-ST,NLRTM-STS,9,2024-02-26T10:00:00,2024-02-27T10:00:00,2024-02-25T10:00:00,2024-02-28T10:00:00,8203,22G1,GENERAL,50
830102,8301,8300,DEHAM-ST,NLRTM-STS,9,2024-02-26T10:00:00,2024-02-27T10:00:00,2024-02-25T10:00:00,2024-02-28T10:00:00,8203,22G1,DANGEROUS,50
830103,8301,8300,DEHAM-ST,NLRTM-STS,9,2024-02-26T10:00:00,2024-02-27T10:00:00,2024-02-25T10:00:00,2024-02-28T10:00:00,8203,42R1,GENERAL,50
830104,8301,8300,DEHAM-ST,NLRTM-STS,9,2024-02-26T10:00:00,2024-02-27T10:00:00,2024-02-25T10:00:00,2024-02-28T10:00:00,8203,42R1,DANGEROUS,50
830105,8301,8300,DEHAM-ST,NLRTM-STS,9,2024-02-26T10:00:00,2024-02-27T10:00:00,2024-02-25T10:00:00,2024-02-28T10:00:00,8203,42P1,OUT_OF_GAUGE,50
830201,8302,8300,NLRTM-STS,SGSIN-ST,272,2024-02-28T10:00:00,2024-03-11T10:00:00,2024-02-27T10:00:00,2024-03-12T10:00:00,8301,22G1,GENERAL,350
830202,8302,8300,NLRTM-STS,SGSIN-ST,272,2024-02-28T10:00:00,2024-03-11T10:00:00,2024-02-27T10:00:00,2024-03-12T10:00:00,8301,22G1,DANGEROUS,350
830203,8302,8300,NLRTM-STS,SGSIN-ST,272,2024-02-28T10:00:00,2024-03-11T10:00:00,2024-02-27T10:00:00,2024-03-12T10:00:00,8301,42R1,GENERAL,350
830204,8302,8300,NLRTM-STS,SGSIN-ST,272,2024-02-28T10:00:00,2024-03-11T10:00:00,2024-02-27T10:00:00,2024-03-12T10:00:00,8301,42R1,DANGEROUS,350
830205,8302,8300,NLRTM-STS,SGSIN-ST,272,2024-02-28T10:00:00,2024-03-11T10:00:00,2024-02-27T10:00:00,2024-03-12T10:00:00,8301,42P1,OUT_OF_GAUGE,350
830301,8303,8300,SGSIN-ST,DEHAM-ST,255,2024-03-12T10:00:00,2024-03-24T10:00:00,2024-03-11T10:00:00,2024-03-25T10:00:00,8302,22G1,GENERAL,350
830302,8303,8300,SGSIN-ST,DEHAM-ST,255,2024-03-12T10:00:00,2024-03-24T10:00:00,2024-03-11T10:00:00,2024-03-25T10:00:00,8302,22G1,DANGEROUS,350
830303,8303,8300,SGSIN-ST,DEHAM-ST,255,2024-03-12T10:00:00,2024-03-24T10:00:00,2024-03-11T10:00:00,2024-03-25T10:00:00,8302,42R1,GENERAL,350
830304,8303,8300,SGSIN-ST,DEHAM-ST,255,2024-03-12T10:00:00,2024-03-24T10:00:00,2024-03-11T10:00:00,2024-03-25T10:00:00,8302,42R1,DANGEROUS,350
830305,8303,8300,SGSIN-ST,DEHAM-ST,255,2024-03-12T10:00:00,2024-03-24T10:00:00,2024-03-11T10:00:00,2024-03-25T10:00:00,8302,42P1,OUT_OF_GAUGE,350
840101,8401,8400,DEHAM-ST,NLRTM-STS,9,2024-03-25T10:00:00,2024-03-26T10:00:00,2024-03-24T10:00:00,2024-03-27T10:00:00,8303,22G1,GENERAL,50
840102,8401,8400,DEHAM-ST,NLRTM-STS,9,2024-03-25T10:00:00,2024-03-26T10:00:00,2024-03-24T10:00:00,2024-03-27T10:00:00,8303,22G1,DANGEROUS,50
840103,8401,8400,DEHAM-ST,NLRTM-STS,9,2024-03-25T10:00:00,2024-03-26T10:00:00,2024-03-24T10:00:00,2024-03-27T10:00:00,8303,42R1,GENERAL,50
840104,8401,8400,DEHAM-ST,NLRTM-STS,9,2024-03-25T10:00:00,2024-03-26T10:00:00,2024-03-24T10:00:00,2024-03-27T10:00:00,8303,42R1,DANGEROUS,50
840105,8401,8400,DEHAM-ST,NLRTM-STS,9,2024-03-25T10:00:00,2024-03-26T10:00:00,2024-03-24T10:00:00,2024-03-27T10:00:00,8303,42P1,OUT_OF_GAUGE,50
840201,8402,8400,NLRTM-STS,SGSIN-ST,272,2024-03-27T10:00:00,2024-04-08T10:00:00,2024-03-26T10:00:00,2024-04-09T10:00:00,8401,22G1,GENERAL,350
840202,8402,8400,NLRTM-STS,SGSIN-ST,272,2024-03-27T10:00:00,2024-04-08T10:00:00,2024-03-26T10:00:00,2024-04-09T10:00:00,8401,22G1,DANGEROUS,350
840203,8402,8400,NLRTM-STS,SGSIN-ST,272,2024-03-27T10:00:00,2024-04-08T10:00:00,2024-03-26T10:00:00,2024-04-09T10:00:00,8401,42R1,GENERAL,350
840204,8402,8400,NLRTM-STS,SGSIN-ST,272,2024-03-27T10:00:00,2024-04-08T10:00:00,2024-03-26T10:00:00,2024-04-09T10:00:00,8401,42R1,DANGEROUS,350
840205,8402,8400,NLRTM-STS,SGSIN-ST,272,2024-03-27T10:00:00,2024-04-08T10:00:00,2024-03-26T10:00:00,2024-04-09T10:00:00,8401,42P1,OUT_OF_GAUGE,350
